judgment_id,run,kind,repo,pr_number,pr_url,file,human_line,human_comment,human_url,model_line,model_category,model_severity,model_comment,pipeline_verdict,judge_reason,human_verdict,human_notes,model_verdict,model_confidence,model_reason
qwen__qwen3-coder-30b-a3b-instruct__mockito__mockito__2650__match__0,runs/subset30/qwen3-coder-30b-a3b-instruct/,match,mockito/mockito,2650,https://github.com/mockito/mockito/pull/2650,src/test/java/org/mockitousage/strictness/StrictnessMockAnnotationTest.java,39,"Nit: I think we can use a lambda here, can we not?

```java
() -> ProductionCode.simpleMethod(regularMock, ""4"")
```",https://github.com/mockito/mockito/pull/2650#discussion_r882658824,38,style,low,The test uses an anonymous inner class for ThrowableAssert.ThrowingCallable. Consider using a lambda expression for better readability.,matched,Both comments suggest using a lambda expression instead of an anonymous inner class for improved readability on the same test code.,,,,,
qwen__qwen3-coder-30b-a3b-instruct__checkstyle__checkstyle__20351__unmatched_model__10,runs/subset30/qwen3-coder-30b-a3b-instruct/,unmatched_model,checkstyle/checkstyle,20351,https://github.com/checkstyle/checkstyle/pull/20351,src/test/java/com/puppycrawl/tools/checkstyle/checks/javadoc/JavadocTypeCheckTest.java,,,,432,style,low,Quoted parameter name in error message for missing tag,unmatched,,,,founded,high,"The diff at line 432 does show the missing-tag message now quoting the parameter name ('myInt'), which is what the comment states."
qwen__qwen3-coder-30b-a3b-instruct__checkstyle__checkstyle__20351__unmatched_model__13,runs/subset30/qwen3-coder-30b-a3b-instruct/,unmatched_model,checkstyle/checkstyle,20351,https://github.com/checkstyle/checkstyle/pull/20351,src/test/resources/com/puppycrawl/tools/checkstyle/checks/javadoc/javadoctype/InputJavadocTypeRecordComponentNameMismatch2.java,,,,24,style,low,"The error message now includes quotes around the parameter name, which improves clarity and consistency with typical Java documentation conventions.",unmatched,,,,founded,high,"Line 24 visibly changes the expected message to quote 'value', matching the comment's factual claim; the clarity judgment is opinion on a true change."
qwen__qwen3-coder-30b-a3b-instruct__checkstyle__checkstyle__20351__unmatched_model__15,runs/subset30/qwen3-coder-30b-a3b-instruct/,unmatched_model,checkstyle/checkstyle,20351,https://github.com/checkstyle/checkstyle/pull/20351,src/test/resources/com/puppycrawl/tools/checkstyle/checks/javadoc/javadoctype/InputJavadocTypeRecordComponents2.java,,,,78,style,low,The error message format for missing @param tag has been updated to include quotes around the parameter name for better clarity.,unmatched,,,,founded,high,"Line 78's expected violation message visibly changes from @param X to @param 'X', exactly the update the comment describes."
qwen__qwen3-coder-30b-a3b-instruct__checkstyle__checkstyle__20351__unmatched_model__16,runs/subset30/qwen3-coder-30b-a3b-instruct/,unmatched_model,checkstyle/checkstyle,20351,https://github.com/checkstyle/checkstyle/pull/20351,src/test/resources/com/puppycrawl/tools/checkstyle/checks/javadoc/javadoctype/InputJavadocTypeRecordParamDescriptionWithAngularTags.java,,,,66,style,low,Inconsistent phrasing in violation message: 'Type Javadoc comment is missing @param 'a' tag.' vs previous examples using 'missing @param 'a' tag.',unmatched,,,,founded,low,"The chunk really does mix phrasings ('Type Javadoc comment is missing @param ... tag.' at 59/66 vs 'missing @param 'c' tag.' at 82), though the comment misattributes the short form to previous examples."
qwen__qwen3-coder-30b-a3b-instruct__checkstyle__checkstyle__20351__unmatched_model__8,runs/subset30/qwen3-coder-30b-a3b-instruct/,unmatched_model,checkstyle/checkstyle,20351,https://github.com/checkstyle/checkstyle/pull/20351,src/test/java/com/puppycrawl/tools/checkstyle/checks/javadoc/JavadocTypeCheckTest.java,,,,428,style,low,Quoted parameter name in error message for missing tag,unmatched,,,,founded,high,"Line 428 visibly changes the expected message to quote 'myList', matching the comment's statement."
qwen__qwen3-coder-30b-a3b-instruct__checkstyle__checkstyle__20362__unmatched_model__11,runs/subset30/qwen3-coder-30b-a3b-instruct/,unmatched_model,checkstyle/checkstyle,20362,https://github.com/checkstyle/checkstyle/pull/20362,src/test/resources-noncompilable/com/puppycrawl/tools/checkstyle/checks/coding/hiddenfield/InputHiddenFieldCompactSourceFileStaticFieldAndMethod.java,,,,17,bug,high,"The test case uses a static method 'process' with a parameter named 'name' that shadows a static field 'name'. This should trigger a HiddenField violation, but the test file is marked as non-compilable with javac, which may prevent proper validation of the violation.",unmatched,,,,unverifiable,low,"The static field/parameter shadowing description matches the visible code, but whether the resources-noncompilable placement prevents the violation from being validated depends on test infrastructure not in the chunk."
qwen__qwen3-coder-30b-a3b-instruct__checkstyle__checkstyle__20362__unmatched_model__4,runs/subset30/qwen3-coder-30b-a3b-instruct/,unmatched_model,checkstyle/checkstyle,20362,https://github.com/checkstyle/checkstyle/pull/20362,src/test/java/com/puppycrawl/tools/checkstyle/checks/coding/HiddenFieldCheckTest.java,,,,696,design,medium,These new test methods for compact constructors and records lack descriptive comments explaining the specific scenarios they cover.,unmatched,,,,founded,low,"The new test methods at lines 686-721 visibly carry no explanatory comments, though they cover compact source files rather than 'compact constructors and records' as the comment says."
qwen__qwen3-coder-30b-a3b-instruct__checkstyle__checkstyle__20362__unmatched_model__6,runs/subset30/qwen3-coder-30b-a3b-instruct/,unmatched_model,checkstyle/checkstyle,20362,https://github.com/checkstyle/checkstyle/pull/20362,src/test/resources-noncompilable/com/puppycrawl/tools/checkstyle/checks/coding/hiddenfield/InputHiddenFieldCompactSourceFile.java,,,,15,style,low,Consider using more descriptive variable names than 'name' and 'count' to avoid potential hidden field issues,unmatched,,,,unfounded,high,"The chunk shows this is a HiddenField test input whose config header and '// 2 violations' marker make the shadowing deliberate, so renaming to 'avoid hidden field issues' flags a problem the fixture intentionally exhibits."
qwen__qwen3-coder-30b-a3b-instruct__checkstyle__checkstyle__20537__unmatched_model__14,runs/subset30/qwen3-coder-30b-a3b-instruct/,unmatched_model,checkstyle/checkstyle,20537,https://github.com/checkstyle/checkstyle/pull/20537,src/test/resources/com/puppycrawl/tools/checkstyle/checks/coding/unusedlocalvariable/InputUnusedLocalVariableAllowNamedPatternVariables.java,,,,21,style,low,The variable 'ignored' is unused but follows the convention of using 'ignored' for pattern variables. Consider if this is intentional or if the variable should be named differently to indicate its purpose.,unmatched,,,,unfounded,low,"The visible '// violation, Unused local variable' marker on line 21 shows the unused variable is an intentional test fixture, contradicting the comment's doubt about whether it is intentional."
qwen__qwen3-coder-30b-a3b-instruct__checkstyle__checkstyle__20537__unmatched_model__17,runs/subset30/qwen3-coder-30b-a3b-instruct/,unmatched_model,checkstyle/checkstyle,20537,https://github.com/checkstyle/checkstyle/pull/20537,src/test/resources/com/puppycrawl/tools/checkstyle/checks/coding/unusedlocalvariable/InputUnusedLocalVariableAllowNamedPatternVariables.java,,,,36,style,low,The variable 'z' is unused in the pattern match. Consider if this is intentional or if the variable should be named differently to indicate its purpose.,unmatched,,,,unfounded,low,"Line 36's explicit violation marker shows 'z' being unused is deliberate fixture content, contradicting the suggestion that it may be unintentional or need renaming."
qwen__qwen3-coder-30b-a3b-instruct__checkstyle__checkstyle__20537__unmatched_model__9,runs/subset30/qwen3-coder-30b-a3b-instruct/,unmatched_model,checkstyle/checkstyle,20537,https://github.com/checkstyle/checkstyle/pull/20537,src/site/xdoc/checks/coding/unusedlocalvariable.xml,,,,45,style,medium,The description for jdkVersion has been updated to include 'instanceof record Destructuring' but the change is not clearly marked. Consider using a more explicit formatting or highlighting to distinguish the added information.,unmatched,,,,unfounded,low,"The added sentence is ordinary documentation prose; nothing in the visible code exhibits a defect from leaving a doc addition 'unmarked', so the flagged problem is not present."
qwen__qwen3-coder-30b-a3b-instruct__checkstyle__checkstyle__20554__unmatched_model__0,runs/subset30/qwen3-coder-30b-a3b-instruct/,unmatched_model,checkstyle/checkstyle,20554,https://github.com/checkstyle/checkstyle/pull/20554,src/site/xdoc/checks/misc/todocomment.xml,,,,75,bug,high,"The comment 'TODO: do differently in future' is now positioned above the line that triggers the violation, which changes the expected behavior of the example. This may mislead users about how the check works.",unmatched,,,,unfounded,low,"The 'violation above' marker on line 76 shows the TODO comment line itself triggers the violation, contradicting the claim that the comment now sits above the triggering line and that the example's expected behavior changed."
qwen__qwen3-coder-30b-a3b-instruct__checkstyle__checkstyle__20554__unmatched_model__12,runs/subset30/qwen3-coder-30b-a3b-instruct/,unmatched_model,checkstyle/checkstyle,20554,https://github.com/checkstyle/checkstyle/pull/20554,src/xdocs-examples/resources/com/puppycrawl/tools/checkstyle/checks/todocomment/Example2.java,,,,35,bug,high,"FIXME comment is not properly formatted according to the check's regex pattern. The pattern requires 'TODO' or 'FIXME' to be at the beginning of the comment, but this comment has additional text before it.",unmatched,,,,unfounded,high,"The configured regex (?i)(TODO)|(FIXME) is unanchored, line 35 has no text before FIXME, and line 36's violation marker confirms it matches - all visible facts contradict the claim."
qwen__qwen3-coder-30b-a3b-instruct__checkstyle__checkstyle__20554__unmatched_model__13,runs/subset30/qwen3-coder-30b-a3b-instruct/,unmatched_model,checkstyle/checkstyle,20554,https://github.com/checkstyle/checkstyle/pull/20554,src/xdocs-examples/resources/com/puppycrawl/tools/checkstyle/checks/todocomment/Example3.java,,,,17,style,medium,"The comment style has changed from a block comment to a line comment, which may affect documentation generation or consistency with surrounding code.",unmatched,,,,unfounded,low,"The box comment still exists as a block comment at lines 18-22; only a separate violation-marker line comment was added, so no comment changed from block to line style."
qwen__qwen3-coder-30b-a3b-instruct__checkstyle__checkstyle__20554__unmatched_model__17,runs/subset30/qwen3-coder-30b-a3b-instruct/,unmatched_model,checkstyle/checkstyle,20554,https://github.com/checkstyle/checkstyle/pull/20554,src/xdocs-examples/resources/com/puppycrawl/tools/checkstyle/checks/todocomment/Example3.java,,,,52,style,medium,"The comment for the 6-character pattern has been moved, which might affect how the example is presented in documentation.",unmatched,,,,founded,low,"The '######' 6-char comment visibly moved (now above method4 at line 52, reworded), which is the comment's checkable claim, though the impact remark is vacuous."
qwen__qwen3-coder-30b-a3b-instruct__checkstyle__checkstyle__20554__unmatched_model__5,runs/subset30/qwen3-coder-30b-a3b-instruct/,unmatched_model,checkstyle/checkstyle,20554,https://github.com/checkstyle/checkstyle/pull/20554,src/xdocs-examples/java/com/puppycrawl/tools/checkstyle/checks/TodoCommentCheckExamplesTest.java,,,,47,bug,high,"Multiple line numbers in expected output have been shifted (14->7, 20->27, 22->31, 24->35), indicating the test file content has changed. This could cause test failures if the actual file structure doesn't match these new line numbers.",unmatched,,,,founded,low,"The shifted line/column expectations (16:14->24:7, 20->27, 22->31, 24->35) are visible in the diff and do reflect changed example file content, as the comment says."
qwen__qwen3-coder-30b-a3b-instruct__checkstyle__checkstyle__20600__unmatched_model__12,runs/subset30/qwen3-coder-30b-a3b-instruct/,unmatched_model,checkstyle/checkstyle,20600,https://github.com/checkstyle/checkstyle/pull/20600,src/main/java/com/puppycrawl/tools/checkstyle/checks/MultilineCommentLeadingAsteriskPresenceCheck.java,,,,32,style,medium,Typo in javadoc: 'bock' should be 'block',unmatched,,,,founded,high,Line 32 visibly reads 'multi-line bock comments'; 'bock' is a typo for 'block'.
qwen__qwen3-coder-30b-a3b-instruct__checkstyle__checkstyle__20600__unmatched_model__15,runs/subset30/qwen3-coder-30b-a3b-instruct/,unmatched_model,checkstyle/checkstyle,20600,https://github.com/checkstyle/checkstyle/pull/20600,src/main/resources/com/puppycrawl/tools/checkstyle/checks/messages_es.properties,,,,9,style,low,The Spanish translation for 'multiline.comment.missing.asterisk' uses 'comenzar' which is less precise than 'debe comenzar' used in English. Consider using 'debe comenzar' for consistency.,unmatched,,,,unfounded,high,"The visible Spanish message already says 'deben comenzar' (the plural of 'debe comenzar'), directly contradicting the claim that it omits the modal."
qwen__qwen3-coder-30b-a3b-instruct__checkstyle__checkstyle__20600__unmatched_model__21,runs/subset30/qwen3-coder-30b-a3b-instruct/,unmatched_model,checkstyle/checkstyle,20600,https://github.com/checkstyle/checkstyle/pull/20600,src/main/resources/com/puppycrawl/tools/checkstyle/checks/messages_tr.properties,,,,9,style,low,The message text for 'multiline.comment.missing.asterisk' uses Turkish capitalization rules. Ensure this aligns with the expected message style and consistency with other messages.,unmatched,,,,unfounded,low,"The new message visibly matches the capitalization style of every other message in the chunk, so the implied consistency concern is contradicted by the surrounding lines."
qwen__qwen3-coder-30b-a3b-instruct__checkstyle__checkstyle__20600__unmatched_model__32,runs/subset30/qwen3-coder-30b-a3b-instruct/,unmatched_model,checkstyle/checkstyle,20600,https://github.com/checkstyle/checkstyle/pull/20600,src/test/java/com/puppycrawl/tools/checkstyle/api/FilterSetTest.java,,,,118,design,medium,The test uses a generic lambda for exception testing which could be made more readable by extracting the lambda into a dedicated method or using a more explicit assertion pattern.,unmatched,,,,founded,low,"The test does use a one-line lambda with getExpectedThrowable as described, and the suggested refactor is a stylistic option that could apply, though its benefit for so small a lambda is debatable."
qwen__qwen3-coder-30b-a3b-instruct__checkstyle__checkstyle__20600__unmatched_model__36,runs/subset30/qwen3-coder-30b-a3b-instruct/,unmatched_model,checkstyle/checkstyle,20600,https://github.com/checkstyle/checkstyle/pull/20600,src/test/java/com/puppycrawl/tools/checkstyle/internal/XpathRegressionTest.java,,,,213,design,medium,Adding 'MultilineCommentLeadingAsteriskPresence' to the exclusion set may hide missing XPath regression tests. Verify that this check truly doesn't need XPath support.,unmatched,,,,founded,low,"The added exclusion visibly removes MultilineCommentLeadingAsteriskPresence from the missing-XpathRegressionTest assertion, so it does suppress that coverage requirement; whether that is justified lies outside the chunk."
qwen__qwen3-coder-30b-a3b-instruct__checkstyle__checkstyle__20600__unmatched_model__43,runs/subset30/qwen3-coder-30b-a3b-instruct/,unmatched_model,checkstyle/checkstyle,20600,https://github.com/checkstyle/checkstyle/pull/20600,src/test/resources/com/puppycrawl/tools/checkstyle/checks/multilinecommentleadingasteriskpresence/InputMultilineCommentLeadingAsteriskPresence1.java,,,,36,style,low,"The multiline comment starting on line 36 is missing leading asterisks on lines 2-5, which should trigger violations.",unmatched,,,,founded,high,Lines 37-40 of the comment visibly lack leading asterisks and the four 'violation 5 lines below' markers confirm the check flags exactly those lines.
qwen__qwen3-coder-30b-a3b-instruct__checkstyle__checkstyle__20600__unmatched_model__46,runs/subset30/qwen3-coder-30b-a3b-instruct/,unmatched_model,checkstyle/checkstyle,20600,https://github.com/checkstyle/checkstyle/pull/20600,src/test/resources/com/puppycrawl/tools/checkstyle/checks/multilinecommentleadingasteriskpresence/InputMultilineCommentLeadingAsteriskPresence2.java,,,,23,style,low,"This multiline comment has inconsistent leading asterisk usage (Line 3 is missing the leading asterisk), which should trigger a violation according to the test.",unmatched,,,,founded,high,"Line 25 ('Line 3') visibly lacks a leading asterisk and the markers at lines 21-22 confirm violations are expected there, matching the comment."
qwen__qwen3-coder-30b-a3b-instruct__checkstyle__checkstyle__20600__unmatched_model__49,runs/subset30/qwen3-coder-30b-a3b-instruct/,unmatched_model,checkstyle/checkstyle,20600,https://github.com/checkstyle/checkstyle/pull/20600,src/test/resources/com/puppycrawl/tools/checkstyle/checks/multilinecommentleadingasteriskpresence/InputMultilineCommentLeadingAsteriskPresenceJavadoc.java,,,,1,style,medium,The multiline comment on lines 1-4 should start with a leading asterisk on each line for consistency with the check's requirements.,unmatched,,,,unfounded,low,"The claim about the check's requirement is true in itself, but the 'violation 3 lines above' markers show the header comment's violations are deliberate fixture expectations, so prescribing a fix flags a non-problem."
qwen__qwen3-coder-30b-a3b-instruct__checkstyle__checkstyle__20604__unmatched_model__12,runs/subset30/qwen3-coder-30b-a3b-instruct/,unmatched_model,checkstyle/checkstyle,20604,https://github.com/checkstyle/checkstyle/pull/20604,src/test/java/com/puppycrawl/tools/checkstyle/internal/XdocsExamplesAstConsistencyTest.java,,,,734,bug,high,The DocumentBuilder is created without setting the feature 'http://apache.org/xml/features/disallow-doctype-decl' which can lead to XXE vulnerabilities. This should be set to true.,unmatched,,,,founded,low,"disallow-doctype-decl is indeed not set while the visible code disables external DTD/entity features, so the hardening suggestion genuinely applies, though those visible mitigations already blunt the claimed XXE risk."
qwen__qwen3-coder-30b-a3b-instruct__checkstyle__checkstyle__20604__unmatched_model__14,runs/subset30/qwen3-coder-30b-a3b-instruct/,unmatched_model,checkstyle/checkstyle,20604,https://github.com/checkstyle/checkstyle/pull/20604,src/test/java/com/puppycrawl/tools/checkstyle/internal/XdocsExamplesAstConsistencyTest.java,,,,958,bug,high,The nested loops in largestGroupWithinSubset create an O(n^2) complexity which can be inefficient for large inputs. Consider using a Map or Set for more efficient lookups.,unmatched,,,,founded,high,"The nested loops at lines 959-965 visibly compare every AST against every other AST, which is O(n^2), so the observation is correct even if the practical impact is small."
qwen__qwen3-coder-30b-a3b-instruct__checkstyle__checkstyle__20604__unmatched_model__16,runs/subset30/qwen3-coder-30b-a3b-instruct/,unmatched_model,checkstyle/checkstyle,20604,https://github.com/checkstyle/checkstyle/pull/20604,src/test/java/com/puppycrawl/tools/checkstyle/internal/XdocsExamplesAstConsistencyTest.java,,,,1059,bug,high,"The loop in buildModuleSimpleNameIndex iterates over all checkstyle modules, which can be expensive. Consider caching or lazy loading to improve performance.",unmatched,,,,unfounded,low,"The visible code already implements the proposed fix: buildModuleSimpleNameIndex is documented as built once into MODULE_SIMPLE_NAME_CACHE precisely to avoid repeated classpath scans, so the comment proposes caching that the code already has, though the field initialization itself is outside the chunk."
qwen__qwen3-coder-30b-a3b-instruct__checkstyle__checkstyle__20604__unmatched_model__19,runs/subset30/qwen3-coder-30b-a3b-instruct/,unmatched_model,checkstyle/checkstyle,20604,https://github.com/checkstyle/checkstyle/pull/20604,src/test/java/com/puppycrawl/tools/checkstyle/internal/XdocsExamplesAstConsistencyTest.java,,,,1142,style,low,Line continuation for string concatenation could be improved for readability.,unmatched,,,,unverifiable,low,"The comment asserts no checkable property of the code, only that readability 'could be improved' without saying what is wrong or how, so there is nothing in the chunk that could confirm or contradict it."
qwen__qwen3-coder-30b-a3b-instruct__checkstyle__checkstyle__20604__unmatched_model__2,runs/subset30/qwen3-coder-30b-a3b-instruct/,unmatched_model,checkstyle/checkstyle,20604,https://github.com/checkstyle/checkstyle/pull/20604,src/test/java/com/puppycrawl/tools/checkstyle/internal/XdocsExamplesAstConsistencyTest.java,,,,119,design,medium,The PROPERTY_COUNT_CACHE is declared as static but not explicitly synchronized. Ensure thread safety is handled properly if the cache is modified during test execution.,unmatched,,,,unfounded,high,"PROPERTY_COUNT_CACHE is visibly declared as a ConcurrentMap initialized to a ConcurrentHashMap, which is thread-safe by construction, so the suggestion that thread safety may be unhandled is contradicted by the chunk."
qwen__qwen3-coder-30b-a3b-instruct__checkstyle__checkstyle__20604__unmatched_model__4,runs/subset30/qwen3-coder-30b-a3b-instruct/,unmatched_model,checkstyle/checkstyle,20604,https://github.com/checkstyle/checkstyle/pull/20604,src/test/java/com/puppycrawl/tools/checkstyle/internal/XdocsExamplesAstConsistencyTest.java,,,,135,style,low,"The EXAMPLE_COUNT_SUPPRESSED_MODULES set is quite large. Consider if it can be broken down into smaller, more manageable sets or documented more clearly.",unmatched,,,,founded,low,"The set visibly contains roughly fifty entries so the size observation is correct, but whether splitting or further documenting it would be an improvement is a subjective judgment the chunk cannot settle."
qwen__qwen3-coder-30b-a3b-instruct__checkstyle__checkstyle__20604__unmatched_model__9,runs/subset30/qwen3-coder-30b-a3b-instruct/,unmatched_model,checkstyle/checkstyle,20604,https://github.com/checkstyle/checkstyle/pull/20604,src/test/java/com/puppycrawl/tools/checkstyle/internal/XdocsExamplesAstConsistencyTest.java,,,,617,design,medium,The filter operation on candidateExamples could be optimized by using a more efficient collection type or by avoiding the creation of intermediate lists.,unmatched,,,,founded,low,"The stream at lines 617-622 is materialized via toList() into a list that is only iterated once, so avoiding that intermediate list would technically apply, though the benefit is negligible and the 'more efficient collection type' suggestion has no clear target."
qwen__qwen3-coder-30b-a3b-instruct__checkstyle__checkstyle__20717__unmatched_model__4,runs/subset30/qwen3-coder-30b-a3b-instruct/,unmatched_model,checkstyle/checkstyle,20717,https://github.com/checkstyle/checkstyle/pull/20717,src/test/java/com/puppycrawl/tools/checkstyle/checks/design/InnerTypeLastCheckTest.java,,,,163,style,low,Consider adding a javadoc comment to explain what this test verifies,unmatched,,,,founded,high,"The test at line 163 visibly has no javadoc comment, so the suggestion to add one is accurate against the chunk, whatever its value given that neighboring tests also lack javadoc."
qwen__qwen3-coder-30b-a3b-instruct__checkstyle__checkstyle__20752__unmatched_model__10,runs/subset30/qwen3-coder-30b-a3b-instruct/,unmatched_model,checkstyle/checkstyle,20752,https://github.com/checkstyle/checkstyle/pull/20752,src/test/resources/com/puppycrawl/tools/checkstyle/utils/javadocutil/InputJavadocUtilEnumConstantDefComments.java,,,,21,style,medium,"The anonymous enum constant BODY is missing a Javadoc comment, which may reduce code clarity for other developers.",unmatched,,,,unfounded,low,"BODY does lack a Javadoc comment, but the chunk shows this is a deliberate test fixture whose marker on line 20 declares the missing Javadoc as the expected violation, so treating it as a clarity defect misreads the visible code."
qwen__qwen3-coder-30b-a3b-instruct__checkstyle__checkstyle__21086__unmatched_model__14,runs/subset30/qwen3-coder-30b-a3b-instruct/,unmatched_model,checkstyle/checkstyle,21086,https://github.com/checkstyle/checkstyle/pull/21086,src/main/resources/com/puppycrawl/tools/checkstyle/checks/javadoc/messages_pt.properties,,,,15,style,low,"The new message key 'javadoc.missingTag' uses a different naming convention than existing keys (e.g., 'javadoc.missing' and 'javadoc.missing.asterisk'). Consider using a consistent pattern like 'javadoc.missing.tag' for better readability.",unmatched,,,,unfounded,low,"The file visibly contains many existing keys with the same camelCase convention (javadoc.duplicateTag, javadoc.expectedTag, javadoc.unclosedHtml), so the claim that javadoc.missingTag deviates from the established naming is contradicted, though it does differ from the javadoc.missing.* pair the comment cites."
qwen__qwen3-coder-30b-a3b-instruct__checkstyle__checkstyle__21086__unmatched_model__17,runs/subset30/qwen3-coder-30b-a3b-instruct/,unmatched_model,checkstyle/checkstyle,21086,https://github.com/checkstyle/checkstyle/pull/21086,src/main/resources/com/puppycrawl/tools/checkstyle/checks/javadoc/messages_ru.properties,,,,25,style,low,New message key 'javadoc.tagFormat' added without corresponding code change in this chunk. Verify that this message is actually used.,unmatched,,,,unverifiable,high,"Whether the javadoc.tagFormat message is actually used depends on Java code and metadata outside this properties-file chunk, so the chunk cannot confirm or refute the concern."
qwen__qwen3-coder-30b-a3b-instruct__checkstyle__checkstyle__21086__unmatched_model__19,runs/subset30/qwen3-coder-30b-a3b-instruct/,unmatched_model,checkstyle/checkstyle,21086,https://github.com/checkstyle/checkstyle/pull/21086,src/main/resources/com/puppycrawl/tools/checkstyle/checks/javadoc/messages_tr.properties,,,,25,style,low,The message key 'javadoc.tagFormat' introduces a new pattern for describing format requirements. Ensure this follows the established convention for similar format-related messages in the file.,unmatched,,,,unverifiable,low,"Whether the new message follows an established convention for format-related messages depends on project conventions and comparable messages not visible in this chunk, which contains no other format-requirement message to compare against."
qwen__qwen3-coder-30b-a3b-instruct__checkstyle__checkstyle__21086__unmatched_model__22,runs/subset30/qwen3-coder-30b-a3b-instruct/,unmatched_model,checkstyle/checkstyle,21086,https://github.com/checkstyle/checkstyle/pull/21086,src/main/resources/com/puppycrawl/tools/checkstyle/meta/checks/javadoc/WriteTagCheck.xml,,,,41,design,high,Added message key 'javadoc.missingTag' which may indicate a change in validation logic or error reporting scope. Verify that this change aligns with the intended behavior of WriteTagCheck.,unmatched,,,,unverifiable,high,"The chunk shows the key swap in the metadata file but whether it aligns with WriteTagCheck's intended validation behavior can only be judged from the check's Java code, which is not visible here."
qwen__qwen3-coder-30b-a3b-instruct__checkstyle__checkstyle__21086__unmatched_model__25,runs/subset30/qwen3-coder-30b-a3b-instruct/,unmatched_model,checkstyle/checkstyle,21086,https://github.com/checkstyle/checkstyle/pull/21086,src/site/xdoc/checks/javadoc/writetag.xml,,,,222,style,low,The error message was updated from 'Type Javadoc comment is missing @since tag.' to 'Javadoc comment is missing @since tag.' - this change makes the message more generic but may lose specificity about the type-level violation.,unmatched,,,,founded,low,"The diff visibly changes the marker text from the type-specific wording to a generic one, so the described change and its loss of the 'Type' qualifier are real, though whether that loss matters hinges on intent the chunk does not fix."
qwen__qwen3-coder-30b-a3b-instruct__checkstyle__checkstyle__21086__unmatched_model__28,runs/subset30/qwen3-coder-30b-a3b-instruct/,unmatched_model,checkstyle/checkstyle,21086,https://github.com/checkstyle/checkstyle/pull/21086,src/site/xdoc/checks/javadoc/writetag.xml,,,,283,style,low,The error message was updated from 'Type Javadoc tag @since' to 'Javadoc tag @since' - consider if this change in specificity is intentional,unmatched,,,,founded,low,"The diff at line 283 visibly shows the message text changed from 'Type Javadoc tag @since' to 'Javadoc tag @since', so the described specificity change is real, though its intentionality cannot be settled from the chunk despite the rename being applied uniformly."
qwen__qwen3-coder-30b-a3b-instruct__checkstyle__checkstyle__21086__unmatched_model__3,runs/subset30/qwen3-coder-30b-a3b-instruct/,unmatched_model,checkstyle/checkstyle,21086,https://github.com/checkstyle/checkstyle/pull/21086,src/main/resources/com/puppycrawl/tools/checkstyle/checks/javadoc/messages.properties,,,,25,style,low,New message key 'javadoc.tagFormat' follows a consistent naming pattern with other keys,unmatched,,,,founded,high,"The new key javadoc.tagFormat visibly matches the camelCase pattern of many existing keys in the file such as javadoc.blockTagLocation, javadoc.duplicateTag, and javadoc.writeTag, so the claim is correct."
qwen__qwen3-coder-30b-a3b-instruct__checkstyle__checkstyle__21086__unmatched_model__30,runs/subset30/qwen3-coder-30b-a3b-instruct/,unmatched_model,checkstyle/checkstyle,21086,https://github.com/checkstyle/checkstyle/pull/21086,src/site/xdoc/checks/javadoc/writetag.xml,,,,298,style,low,The error message was updated from 'Type Javadoc comment is missing @since tag.' to 'Javadoc comment is missing @since tag.' - consider if this change in specificity is intentional,unmatched,,,,founded,low,"The diff at line 298 visibly shows the message text changed from the type-specific wording to the generic form, so the described change is real, though its intentionality cannot be settled from the chunk despite the rename being applied uniformly."
qwen__qwen3-coder-30b-a3b-instruct__checkstyle__checkstyle__21086__unmatched_model__35,runs/subset30/qwen3-coder-30b-a3b-instruct/,unmatched_model,checkstyle/checkstyle,21086,https://github.com/checkstyle/checkstyle/pull/21086,src/site/xdoc/checks/javadoc/writetag.xml,,,,368,style,low,The error message was shortened from 'Type Javadoc comment is missing @author tag.' to 'Javadoc comment is missing @author tag.' - verify this change is intentional and maintains consistency with other error messages.,unmatched,,,,founded,low,"The diff visibly shortens the suppression filter's message pattern by dropping 'Type', so the described change is real, but consistency with error messages elsewhere and the author's intent are outside the chunk."
qwen__qwen3-coder-30b-a3b-instruct__checkstyle__checkstyle__21086__unmatched_model__38,runs/subset30/qwen3-coder-30b-a3b-instruct/,unmatched_model,checkstyle/checkstyle,21086,https://github.com/checkstyle/checkstyle/pull/21086,src/site/xdoc/checks/javadoc/writetag.xml,,,,427,bug,high,"The link for 'javadoc.tagFormat' appears to be incorrect, pointing to 'javadoc.writeTag' instead.",unmatched,,,,unfounded,high,"The href on line 427 visibly searches for %22javadoc.tagFormat%22 and its link text on line 428 is javadoc.tagFormat, so the claim that this link points to javadoc.writeTag is contradicted by the chunk."
qwen__qwen3-coder-30b-a3b-instruct__checkstyle__checkstyle__21086__unmatched_model__47,runs/subset30/qwen3-coder-30b-a3b-instruct/,unmatched_model,checkstyle/checkstyle,21086,https://github.com/checkstyle/checkstyle/pull/21086,src/test/resources/com/puppycrawl/tools/checkstyle/checks/javadoc/writetag/InputWriteTagTwoClasses.java,,,,21,style,low,"The comment indicates the violation for the second class, but the actual violation is about missing @incomplete tag in the Javadoc comment, not the type Javadoc comment",unmatched,,,,unfounded,low,"The marker on line 21 already reads 'Javadoc comment is missing @incomplete tag.', exactly the phrasing the comment says the violation should have, so the mismatch it describes is not present in the visible code."
qwen__qwen3-coder-30b-a3b-instruct__checkstyle__checkstyle__21086__unmatched_model__53,runs/subset30/qwen3-coder-30b-a3b-instruct/,unmatched_model,checkstyle/checkstyle,21086,https://github.com/checkstyle/checkstyle/pull/21086,src/xdocs-examples/resources/com/puppycrawl/tools/checkstyle/checks/javadoc/writetag/Example4.java,,,,42,style,low,The violation message was updated from 'Type Javadoc tag @since' to 'Javadoc tag @since' - consider if this change in specificity is intentional,unmatched,,,,founded,low,"The diff at line 42 visibly shows the marker changed from 'Type Javadoc tag @since' to 'Javadoc tag @since', so the described specificity change is real, though its intentionality cannot be settled from the chunk despite the rename being applied uniformly."
qwen__qwen3-coder-30b-a3b-instruct__checkstyle__checkstyle__21086__unmatched_model__55,runs/subset30/qwen3-coder-30b-a3b-instruct/,unmatched_model,checkstyle/checkstyle,21086,https://github.com/checkstyle/checkstyle/pull/21086,src/xdocs-examples/resources/com/puppycrawl/tools/checkstyle/checks/javadoc/writetag/Example5.java,,,,24,style,low,The violation message was updated from 'Type Javadoc comment is missing @since tag.' to 'Javadoc comment is missing @since tag.' - consider if this change in specificity is intentional,unmatched,,,,founded,low,"The diff at line 24 visibly shows the marker changed from the type-specific wording to the generic form, so the described change is real, though its intentionality cannot be settled from the chunk despite the rename being applied uniformly."
qwen__qwen3-coder-30b-a3b-instruct__checkstyle__checkstyle__21086__unmatched_model__7,runs/subset30/qwen3-coder-30b-a3b-instruct/,unmatched_model,checkstyle/checkstyle,21086,https://github.com/checkstyle/checkstyle/pull/21086,src/main/resources/com/puppycrawl/tools/checkstyle/checks/javadoc/messages_es.properties,,,,25,style,low,"The message key 'javadoc.tagFormat' uses a different naming convention than other keys (e.g., 'javadoc.asterisk.indentation' instead of 'javadoc.tagFormat'). Consider standardizing the naming.",unmatched,,,,unfounded,low,"Many other visible keys (e.g. javadoc.blockTagLocation, javadoc.classInfo, javadoc.writeTag) use the same camelCase convention, so the chunk contradicts the claim that this key deviates from the file's other keys."
qwen__qwen3-coder-30b-a3b-instruct__checkstyle__checkstyle__21086__unmatched_model__8,runs/subset30/qwen3-coder-30b-a3b-instruct/,unmatched_model,checkstyle/checkstyle,21086,https://github.com/checkstyle/checkstyle/pull/21086,src/main/resources/com/puppycrawl/tools/checkstyle/checks/javadoc/messages_fi.properties,,,,15,style,low,The message text for javadoc.missingTag uses 'tagi' (tag) which is inconsistent with other messages that use 'tagi' in plural form. Consider using 'tagit' for consistency.,unmatched,,,,unfounded,high,"Visible sibling messages (lines 8, 9, 28, 29) use singular 'tagi' just as the new message does, so the claimed inconsistency is contradicted by the chunk."
qwen__qwen3-coder-30b-a3b-instruct__junit-team__junit5__4609__unmatched_model__11,runs/subset30/qwen3-coder-30b-a3b-instruct/,unmatched_model,junit-team/junit5,4609,https://github.com/junit-team/junit5/pull/4609,junit-jupiter-migrationsupport/src/main/java/org/junit/jupiter/migrationsupport/conditions/IgnoreCondition.java,,,,38,style,low,"The @Deprecated annotation includes 'forRemoval = true', which is good for indicating this class will be removed in a future version.",unmatched,,,,founded,high,"Line 38 visibly contains @Deprecated(since = ""6.0"", forRemoval = true), so the comment's approving claim about what the annotation indicates is accurate."
qwen__qwen3-coder-30b-a3b-instruct__junit-team__junit5__4609__unmatched_model__12,runs/subset30/qwen3-coder-30b-a3b-instruct/,unmatched_model,junit-team/junit5,4609,https://github.com/junit-team/junit5/pull/4609,junit-jupiter-migrationsupport/src/main/java/org/junit/jupiter/migrationsupport/conditions/package-info.java,,,,2,style,low,Consider adding a brief description of what makes these extensions deprecated and whether there are recommended alternatives.,unmatched,,,,founded,high,"The visible javadoc only labels the extensions as deprecated without stating a reason or a recommended alternative, so the suggested addition genuinely applies."
qwen__qwen3-coder-30b-a3b-instruct__junit-team__junit5__4609__unmatched_model__2,runs/subset30/qwen3-coder-30b-a3b-instruct/,unmatched_model,junit-team/junit5,4609,https://github.com/junit-team/junit5/pull/4609,documentation/src/docs/asciidoc/user-guide/appendix.adoc,,,,111,style,low,"Consider using a more explicit deprecation notice format, such as a callout or warning box, to better highlight the deprecated status of this artifact.",unmatched,,,,founded,high,"The chunk shows the deprecation conveyed only by an inline italic '_Deprecated_', so the proposal for a more explicit notice format applies to the visible text."
qwen__qwen3-coder-30b-a3b-instruct__junit-team__junit5__4609__unmatched_model__39,runs/subset30/qwen3-coder-30b-a3b-instruct/,unmatched_model,junit-team/junit5,4609,https://github.com/junit-team/junit5/pull/4609,junit-jupiter-migrationsupport/src/main/java/org/junit/jupiter/migrationsupport/rules/adapter/VerifierAdapter.java,,,,24,design,high,Adding @Deprecated annotation with forRemoval=true indicates this class will be removed in a future version. Verify that all usages have been migrated and that this change doesn't break existing functionality.,unmatched,,,,founded,low,"The @Deprecated(forRemoval = true) annotation is visibly added as described, but whether all usages have been migrated depends on code outside the chunk."
qwen__qwen3-coder-30b-a3b-instruct__junit-team__junit5__4609__unmatched_model__40,runs/subset30/qwen3-coder-30b-a3b-instruct/,unmatched_model,junit-team/junit5,4609,https://github.com/junit-team/junit5/pull/4609,junit-jupiter-migrationsupport/src/main/java/org/junit/jupiter/migrationsupport/rules/adapter/package-info.java,,,,2,style,low,The deprecation notice in the package description should be consistent with the actual deprecation status of the package or its contents.,unmatched,,,,unverifiable,low,"Whether the package's actual contents are deprecated, and thus whether the notice is consistent with them, cannot be checked from this package-info-only chunk."
qwen__qwen3-coder-30b-a3b-instruct__junit-team__junit5__4609__unmatched_model__41,runs/subset30/qwen3-coder-30b-a3b-instruct/,unmatched_model,junit-team/junit5,4609,https://github.com/junit-team/junit5/pull/4609,junit-jupiter-migrationsupport/src/main/java/org/junit/jupiter/migrationsupport/rules/member/AbstractTestRuleAnnotatedMember.java,,,,20,style,low,"The @SuppressWarnings(""removal"") annotation is used, but it's not clear what specific removal warning it addresses. Consider adding a comment explaining why this suppression is necessary.",unmatched,,,,founded,high,"The @SuppressWarnings(""removal"") on line 20 visibly has no explanatory comment and the chunk does not show what warning it addresses, so the suggested clarification applies."
qwen__qwen3-coder-30b-a3b-instruct__junit-team__junit5__4609__unmatched_model__42,runs/subset30/qwen3-coder-30b-a3b-instruct/,unmatched_model,junit-team/junit5,4609,https://github.com/junit-team/junit5/pull/4609,junit-jupiter-migrationsupport/src/main/java/org/junit/jupiter/migrationsupport/rules/member/TestRuleAnnotatedField.java,,,,25,design,high,Changing API status from INTERNAL to DEPRECATED is a breaking change that should be carefully considered,unmatched,,,,unfounded,low,"The chunk shows only an annotation/status change on an INTERNAL-status API, and marking code deprecated is not itself a breaking change, so the asserted breakage is not exhibited by the visible code."
qwen__qwen3-coder-30b-a3b-instruct__junit-team__junit5__4609__unmatched_model__45,runs/subset30/qwen3-coder-30b-a3b-instruct/,unmatched_model,junit-team/junit5,4609,https://github.com/junit-team/junit5/pull/4609,junit-jupiter-migrationsupport/src/main/java/org/junit/jupiter/migrationsupport/rules/member/TestRuleAnnotatedMember.java,,,,22,design,high,Adding @Deprecated annotation without proper migration guidance may cause confusion for users relying on this internal API.,unmatched,,,,founded,low,"The visible javadoc contains no @deprecated tag or migration guidance alongside the added @Deprecated, so the stated lack of guidance is real in the chunk."
qwen__qwen3-coder-30b-a3b-instruct__junit-team__junit5__4609__unmatched_model__52,runs/subset30/qwen3-coder-30b-a3b-instruct/,unmatched_model,junit-team/junit5,4609,https://github.com/junit-team/junit5/pull/4609,junit-vintage-engine/src/main/java/org/junit/vintage/engine/Constants.java,,,,25,style,medium,The @API annotation should use the same version as @Deprecated for consistency,unmatched,,,,unfounded,high,"Both annotations visibly use since = ""6.0"", so the version inconsistency the comment implies does not exist."
qwen__qwen3-coder-30b-a3b-instruct__junit-team__junit5__4609__unmatched_model__59,runs/subset30/qwen3-coder-30b-a3b-instruct/,unmatched_model,junit-team/junit5,4609,https://github.com/junit-team/junit5/pull/4609,junit-vintage-engine/src/test/java/org/junit/vintage/engine/VintageTestEngineDiscoveryTests.java,,,,82,design,high,"Test method lacks proper test description in its name, making it harder to understand the specific behavior being tested.",unmatched,,,,unfounded,high,"The visible test method is named resolvesSimpleJUnit4TestClass, which does describe the behavior under test, contradicting the claim that the name lacks a description."
qwen__qwen3-coder-30b-a3b-instruct__junit-team__junit5__4609__unmatched_model__62,runs/subset30/qwen3-coder-30b-a3b-instruct/,unmatched_model,junit-team/junit5,4609,https://github.com/junit-team/junit5/pull/4609,jupiter-tests/src/test/java/org/junit/jupiter/migrationsupport/conditions/IgnoreAnnotationIntegrationTests.java,,,,39,style,low,"The @SuppressWarnings(""removal"") annotation is used to suppress warnings about deprecated APIs. Consider adding a brief comment explaining why this suppression is necessary.",unmatched,,,,founded,high,"The added @SuppressWarnings(""removal"") visibly has no explanatory comment, so the suggested clarification applies."
qwen__qwen3-coder-30b-a3b-instruct__junit-team__junit5__4609__unmatched_model__71,runs/subset30/qwen3-coder-30b-a3b-instruct/,unmatched_model,junit-team/junit5,4609,https://github.com/junit-team/junit5/pull/4609,jupiter-tests/src/test/java/org/junit/jupiter/migrationsupport/rules/ExternalResourceSupportForTemporaryFolderFieldTests.java,,,,24,style,low,"The @SuppressWarnings(""removal"") annotation is used to suppress warnings about deprecated APIs. Consider adding a comment explaining why this suppression is necessary and whether it's temporary.",unmatched,,,,founded,high,"The added @SuppressWarnings(""removal"") visibly has no explanatory comment, so the suggested clarification applies."
qwen__qwen3-coder-30b-a3b-instruct__junit-team__junit5__4751__unmatched_model__12,runs/subset30/qwen3-coder-30b-a3b-instruct/,unmatched_model,junit-team/junit5,4751,https://github.com/junit-team/junit5/pull/4751,jupiter-tests/src/test/java/org/junit/jupiter/params/ParameterizedTestIntegrationTests.java,,,,14,style,low,The import of 'requireNonNull' is added but not used in the visible code. Consider removing if it's not needed.,unmatched,,,,unverifiable,high,"The chunk shows only the import block, so whether requireNonNull is used elsewhere in the file cannot be determined."
qwen__qwen3-coder-30b-a3b-instruct__junit-team__junit5__4751__unmatched_model__13,runs/subset30/qwen3-coder-30b-a3b-instruct/,unmatched_model,junit-team/junit5,4751,https://github.com/junit-team/junit5/pull/4751,jupiter-tests/src/test/java/org/junit/jupiter/params/ParameterizedTestIntegrationTests.java,,,,102,style,low,"Added import for TypedArgumentConverter, which appears to be unused in this file. Consider removing if not needed.",unmatched,,,,unverifiable,high,"The chunk shows only the import block, so whether TypedArgumentConverter is used elsewhere in the file cannot be determined."
qwen__qwen3-coder-30b-a3b-instruct__junit-team__junit5__4751__unmatched_model__19,runs/subset30/qwen3-coder-30b-a3b-instruct/,unmatched_model,junit-team/junit5,4751,https://github.com/junit-team/junit5/pull/4751,jupiter-tests/src/test/java/org/junit/jupiter/params/aggregator/DefaultArgumentsAccessorTests.java,,,,174,bug,high,"Removed required ExtensionContext parameter from DefaultArgumentsAccessor.create() call, which will likely cause runtime errors or incorrect behavior since the method signature has changed.",unmatched,,,,unverifiable,low,"Whether the updated call matches DefaultArgumentsAccessor's new signature cannot be checked from this chunk, and the coordinated diff suggests a signature change rather than a defect, so the claimed breakage is not decidable here."
qwen__qwen3-coder-30b-a3b-instruct__junit-team__junit5__4751__unmatched_model__21,runs/subset30/qwen3-coder-30b-a3b-instruct/,unmatched_model,junit-team/junit5,4751,https://github.com/junit-team/junit5/pull/4751,jupiter-tests/src/test/java/org/junit/jupiter/params/converter/DefaultArgumentConverterTests.java,,,,107,design,medium,"Test name 'convertsLocaleWithBcp47Format' doesn't clearly indicate that it's testing BCP_47 format specifically, unlike the previous test names that explicitly mentioned the format. Consider renaming to better reflect the format being tested.",unmatched,,,,unfounded,high,"The new test name literally contains 'Bcp47Format', contradicting the claim that it fails to indicate the format being tested."
qwen__qwen3-coder-30b-a3b-instruct__junit-team__junit5__4751__unmatched_model__22,runs/subset30/qwen3-coder-30b-a3b-instruct/,unmatched_model,junit-team/junit5,4751,https://github.com/junit-team/junit5/pull/4751,jupiter-tests/src/test/kotlin/org/junit/jupiter/params/aggregator/ArgumentsAccessorKotlinTests.kt,,,,59,bug,high,"Removed the context parameter from DefaultArgumentsAccessor.create() call, which is likely a breaking change that could cause runtime errors if the method signature requires it.",unmatched,,,,unverifiable,low,"The claim hinges on DefaultArgumentsAccessor.create's new signature, which is not visible in this chunk."
qwen__qwen3-coder-30b-a3b-instruct__junit-team__junit5__4751__unmatched_model__5,runs/subset30/qwen3-coder-30b-a3b-instruct/,unmatched_model,junit-team/junit5,4751,https://github.com/junit-team/junit5/pull/4751,junit-jupiter-params/src/main/java/org/junit/jupiter/params/ResolverFacade.java,,,,482,bug,high,"The DEFAULT converter now uses DefaultArgumentConverter without passing the ExtensionContext, which may break functionality that relied on the context being available during conversion.",unmatched,,,,unverifiable,low,"The context is visibly no longer passed, but whether any conversion functionality relied on it depends on DefaultArgumentConverter internals not shown in the chunk."
qwen__qwen3-coder-30b-a3b-instruct__junit-team__junit5__4751__unmatched_model__6,runs/subset30/qwen3-coder-30b-a3b-instruct/,unmatched_model,junit-team/junit5,4751,https://github.com/junit-team/junit5/pull/4751,junit-jupiter-params/src/main/java/org/junit/jupiter/params/aggregator/DefaultArgumentsAccessor.java,,,,43,design,high,"Removed ExtensionContext parameter from create method signature, which may break existing usages that depend on accessing extension context within the converter",unmatched,,,,founded,low,"The chunk shows the ExtensionContext parameter really was removed from the public create signature, so existing call sites using the old form would indeed break."
qwen__qwen3-coder-30b-a3b-instruct__junit-team__junit5__4913__unmatched_model__3,runs/subset30/qwen3-coder-30b-a3b-instruct/,unmatched_model,junit-team/junit5,4913,https://github.com/junit-team/junit5/pull/4913,platform-tests/src/test/java/org/junit/platform/launcher/TestIdentifierTests.java,,,,18,style,low,Added ByteArrayOutputStream import but not used in the visible code changes,unmatched,,,,unverifiable,high,"Only the import section is visible, so whether ByteArrayOutputStream is used later in the file cannot be determined."
qwen__qwen3-coder-30b-a3b-instruct__junit-team__junit5__4913__unmatched_model__4,runs/subset30/qwen3-coder-30b-a3b-instruct/,unmatched_model,junit-team/junit5,4913,https://github.com/junit-team/junit5/pull/4913,platform-tests/src/test/java/org/junit/platform/launcher/TestIdentifierTests.java,,,,19,style,low,Added NotSerializableException import but not used in the visible code changes,unmatched,,,,unverifiable,high,"Only the import section is visible, so whether NotSerializableException is used later in the file cannot be determined."
qwen__qwen3-coder-30b-a3b-instruct__junit-team__junit5__4913__unmatched_model__6,runs/subset30/qwen3-coder-30b-a3b-instruct/,unmatched_model,junit-team/junit5,4913,https://github.com/junit-team/junit5/pull/4913,platform-tests/src/test/java/org/junit/platform/launcher/TestIdentifierTests.java,,,,21,style,low,Added Serializable import but not used in the visible code changes,unmatched,,,,unverifiable,high,"Only the import section is visible, so whether Serializable is used later in the file cannot be determined."
qwen__qwen3-coder-30b-a3b-instruct__junit-team__junit5__5042__unmatched_model__17,runs/subset30/qwen3-coder-30b-a3b-instruct/,unmatched_model,junit-team/junit5,5042,https://github.com/junit-team/junit5/pull/5042,junit-platform-commons/src/main/java/org/junit/platform/commons/util/ModuleUtils.java,,,,261,design,medium,The classFilter::match is now applied twice - once before and once after loading the class. This could impact performance and may be redundant. Verify if both filters are necessary.,unmatched,,,,founded,low,"classFilter::match is visibly applied both to the name stream and to the loaded classes, so the double application the comment questions is really present, even if its redundancy depends on unseen ClassFilter semantics."
qwen__qwen3-coder-30b-a3b-instruct__junit-team__junit5__5042__unmatched_model__18,runs/subset30/qwen3-coder-30b-a3b-instruct/,unmatched_model,junit-team/junit5,5042,https://github.com/junit-team/junit5/pull/5042,junit-platform-console/junit-platform-console.gradle.kts,,,,30,style,low,The '-Xlint:-module' flag suppresses module-related warnings. Consider adding a comment explaining why this suppression is necessary due to qualified exports.,unmatched,,,,unfounded,high,"Line 30 already carries the comment '// due to qualified exports', so the explanation the reviewer asks to add is visibly present."
qwen__qwen3-coder-30b-a3b-instruct__junit-team__junit5__5042__unmatched_model__25,runs/subset30/qwen3-coder-30b-a3b-instruct/,unmatched_model,junit-team/junit5,5042,https://github.com/junit-team/junit5/pull/5042,junit-start/src/main/java/module-info.java,,,,16,style,medium,The usage example in the module-info.java javadoc uses 'import module org.junit.start;' which is not standard Java syntax. It should be 'import org.junit.start;' or simply omit the import statement since it's a module declaration.,unmatched,,,,unfounded,high,"'import module org.junit.start;' is valid Java module-import syntax (standard since Java 25), consistent with the modern-Java example shown, so the claim that it is not standard syntax is false and the proposed 'import org.junit.start;' would itself be invalid."
qwen__qwen3-coder-30b-a3b-instruct__junit-team__junit5__5042__unmatched_model__27,runs/subset30/qwen3-coder-30b-a3b-instruct/,unmatched_model,junit-team/junit5,5042,https://github.com/junit-team/junit5/pull/5042,junit-start/src/main/java/org/junit/start/JUnit.java,,,,73,bug,high,The formatted string uses 's' for pluralization but the actual plural form should be 'failure' or 'failures' depending on count. Currently it's hardcoded to 'failure%s' which will produce 'failure' or 'failures' incorrectly.,unmatched,,,,unfounded,high,"The visible expression ""failure%s"" with (count == 1 ? """" : ""s"") correctly yields 'failure' for one and 'failures' otherwise, so the claimed pluralization defect does not exist."
qwen__qwen3-coder-30b-a3b-instruct__junit-team__junit5__5042__unmatched_model__3,runs/subset30/qwen3-coder-30b-a3b-instruct/,unmatched_model,junit-team/junit5,5042,https://github.com/junit-team/junit5/pull/5042,junit-platform-commons/src/main/java/org/junit/platform/commons/util/ClasspathFilters.java,,,,35,bug,high,"The classFiles() method now includes source files in its filtering logic, which could lead to unexpected behavior if the intended behavior was to only include class files.",unmatched,,,,founded,low,"The visible change really does make classFiles() accept .java files when SOURCE_MODE is set, which is exactly the behavior change the comment describes."
qwen__qwen3-coder-30b-a3b-instruct__junit-team__junit5__5042__unmatched_model__31,runs/subset30/qwen3-coder-30b-a3b-instruct/,unmatched_model,junit-team/junit5,5042,https://github.com/junit-team/junit5/pull/5042,platform-tooling-support-tests/projects/jar-describe-module/junit-platform-console.expected.txt,,,,13,bug,high,"Duplicate 'contains org.junit.platform.console.output' line. The previous occurrence was removed but this line was added, creating a duplicate entry.",unmatched,,,,unfounded,high,"The chunk shows the 'contains org.junit.platform.console.output' line being removed and only a 'qualified exports' line added, so no duplicate entry exists."
qwen__qwen3-coder-30b-a3b-instruct__junit-team__junit5__5042__unmatched_model__32,runs/subset30/qwen3-coder-30b-a3b-instruct/,unmatched_model,junit-team/junit5,5042,https://github.com/junit-team/junit5/pull/5042,platform-tooling-support-tests/projects/jar-describe-module/junit-start.expected.txt,,,,1,style,low,The version placeholder `${version}` should ideally be consistent with the project's versioning scheme or replaced with a concrete version for better test stability.,unmatched,,,,unfounded,low,"The file is visibly a pattern-based expected-output template (regexes plus the ${version} placeholder), so the flagged instability is not exhibited and a concrete version would defeat the visible design."
qwen__qwen3-coder-30b-a3b-instruct__junit-team__junit5__5042__unmatched_model__40,runs/subset30/qwen3-coder-30b-a3b-instruct/,unmatched_model,junit-team/junit5,5042,https://github.com/junit-team/junit5/pull/5042,platform-tooling-support-tests/projects/junit-start/modular/module-info.java,,,,11,design,high,The module is declared as 'open' but doesn't contain any classes that need to be reflective. This may be unnecessary and could be simplified to a regular 'module'.,unmatched,,,,unverifiable,low,Whether module m contains classes needing reflective access cannot be determined from this module-info-only chunk.
qwen__qwen3-coder-30b-a3b-instruct__junit-team__junit5__5042__unmatched_model__45,runs/subset30/qwen3-coder-30b-a3b-instruct/,unmatched_model,junit-team/junit5,5042,https://github.com/junit-team/junit5/pull/5042,platform-tooling-support-tests/src/test/java/platform/tooling/support/tests/JUnitStartTests.java,,,,77,bug,high,The test uses '--add-modules' but doesn't specify the module name correctly. It should be 'org.junit.start' instead of just 'org.junit.start' since it's a module name.,unmatched,,,,unfounded,high,"The visible code already passes 'org.junit.start' to --add-modules, which is exactly what the comment says it should be, so no defect exists."
qwen__qwen3-coder-30b-a3b-instruct__junit-team__junit5__5060__unmatched_model__11,runs/subset30/qwen3-coder-30b-a3b-instruct/,unmatched_model,junit-team/junit5,5060,https://github.com/junit-team/junit5/pull/5060,junit-jupiter-engine/src/main/java/org/junit/jupiter/engine/config/DefaultJupiterConfiguration.java,,,,46,design,medium,Added import for ForkJoinPoolHierarchicalTestExecutorService. This indicates a change in the default test execution service implementation. Verify that this change doesn't introduce unexpected behavior or performance implications.,unmatched,,,,unverifiable,low,An added import alone does not show a change to the default execution service; what the class does with it lies outside the chunk.
qwen__qwen3-coder-30b-a3b-instruct__junit-team__junit5__5060__unmatched_model__16,runs/subset30/qwen3-coder-30b-a3b-instruct/,unmatched_model,junit-team/junit5,5060,https://github.com/junit-team/junit5/pull/5060,junit-jupiter-engine/src/main/java/org/junit/jupiter/engine/config/InstantiatingConfigurationParameterConverter.java,,,,89,bug,high,"Potential ClassCastException when checking parameter type compatibility. The check uses arguments[i].getClass() which may not be the same as the parameter type, especially with generics or primitive wrappers.",unmatched,,,,unfounded,low,"The flagged check uses isAssignableFrom, which performs no cast and cannot throw ClassCastException, so the named defect is not exhibited (primitive constructor parameters would merely fail to match, a different problem)."
qwen__qwen3-coder-30b-a3b-instruct__junit-team__junit5__5060__unmatched_model__23,runs/subset30/qwen3-coder-30b-a3b-instruct/,unmatched_model,junit-team/junit5,5060,https://github.com/junit-team/junit5/pull/5060,junit-platform-engine/src/main/java/org/junit/platform/engine/support/hierarchical/CompositeLock.java,,,,51,bug,high,"Potential deadlock risk in tryAcquire() method. If a lock acquisition fails partway through the loop, the previously acquired locks are released, but there's no mechanism to prevent other threads from acquiring the same locks between the failure and release, potentially leading to inconsistent state.",unmatched,,,,unfounded,high,"The visible tryAcquire uses non-blocking tryLock with release-on-failure, the standard deadlock-avoidance pattern, and other threads acquiring the locks after release causes no inconsistent state."
qwen__qwen3-coder-30b-a3b-instruct__junit-team__junit5__5060__unmatched_model__27,runs/subset30/qwen3-coder-30b-a3b-instruct/,unmatched_model,junit-team/junit5,5060,https://github.com/junit-team/junit5/pull/5060,junit-platform-engine/src/main/java/org/junit/platform/engine/support/hierarchical/ConcurrentHierarchicalTestExecutorService.java,,,,372,bug,high,"The runBlocking method releases the worker lease and then reacquires it. If reacquire throws InterruptedException, the thread is interrupted but the method doesn't handle this properly, potentially leading to inconsistent state.",unmatched,,,,founded,low,"If reacquire() throws InterruptedException in the finally block, the thread continues without holding a worker lease and with a spent ReacquisitionToken, a recovery gap the visible code does not address, though it does deliberately re-interrupt."
qwen__qwen3-coder-30b-a3b-instruct__junit-team__junit5__5060__unmatched_model__35,runs/subset30/qwen3-coder-30b-a3b-instruct/,unmatched_model,junit-team/junit5,5060,https://github.com/junit-team/junit5/pull/5060,junit-vintage-engine/src/test/resources/log4j2-test.xml,,,,8,style,low,The log pattern has been changed to include more precision in timestamps and adjust thread name formatting. This is a style change that may affect log readability but doesn't introduce functional issues.,unmatched,,,,founded,high,"The diff visibly changes the pattern's timestamp precision (SSS to SSSSSS), thread-name padding (%t to %-18t), and logger formatting, exactly as the comment describes."
qwen__qwen3-coder-30b-a3b-instruct__junit-team__junit5__5060__unmatched_model__5,runs/subset30/qwen3-coder-30b-a3b-instruct/,unmatched_model,junit-team/junit5,5060,https://github.com/junit-team/junit5/pull/5060,junit-jupiter-engine/src/main/java/org/junit/jupiter/engine/JupiterTestEngine.java,,,,30,design,medium,Removed import for ForkJoinPoolHierarchicalTestExecutorService. Verify that this removal doesn't break functionality that was previously relying on this import.,unmatched,,,,unverifiable,low,"The import removal is visible, but whether any remaining code relied on ForkJoinPoolHierarchicalTestExecutorService depends on the rest of the file, which the chunk does not show."
qwen__qwen3-coder-30b-a3b-instruct__junit-team__junit5__5060__unmatched_model__50,runs/subset30/qwen3-coder-30b-a3b-instruct/,unmatched_model,junit-team/junit5,5060,https://github.com/junit-team/junit5/pull/5060,platform-tests/src/test/java/org/junit/platform/engine/support/hierarchical/ParallelExecutionIntegrationTests.java,,,,592,design,medium,The implementation.getName() call might throw NullPointerException if 'implementation' is null. Consider adding a null check or ensuring 'implementation' is properly initialized.,unmatched,,,,unverifiable,high,"The declaration and initialization of the 'implementation' field are not in the chunk, so whether it can be null cannot be checked here."
qwen__qwen3-coder-30b-a3b-instruct__junit-team__junit5__5060__unmatched_model__51,runs/subset30/qwen3-coder-30b-a3b-instruct/,unmatched_model,junit-team/junit5,5060,https://github.com/junit-team/junit5/pull/5060,platform-tests/src/test/java/org/junit/platform/engine/support/hierarchical/SingleLockTests.java,,,,53,design,medium,"The tryAcquire() method is called but its return value is ignored. If tryAcquire() fails, the test may pass incorrectly.",unmatched,,,,unfounded,low,"The return value is indeed ignored, but the immediately following assertTrue(lock.isLocked()) would fail if tryAcquire had not acquired the lock, contradicting the claim that the test could pass incorrectly."
qwen__qwen3-coder-30b-a3b-instruct__junit-team__junit5__5135__unmatched_model__14,runs/subset30/qwen3-coder-30b-a3b-instruct/,unmatched_model,junit-team/junit5,5135,https://github.com/junit-team/junit5/pull/5135,platform-tests/src/test/java/org/junit/platform/engine/support/hierarchical/WorkerThreadPoolHierarchicalTestExecutorServiceTests.java,,,,275,design,medium,"The test logic has been significantly altered by swapping child2 and child4, which may affect the intended test scenario. The original test behavior and assertions should be carefully reviewed to ensure the new test still validates the correct behavior.",unmatched,,,,founded,low,"The diff visibly reassigns behaviors, resource locks, and latch roles among child2, child3, and child4 and rewrites the corresponding assertions, so the description of a substantive test-logic rearrangement is accurate."
qwen__qwen3-coder-30b-a3b-instruct__junit-team__junit5__5135__unmatched_model__21,runs/subset30/qwen3-coder-30b-a3b-instruct/,unmatched_model,junit-team/junit5,5135,https://github.com/junit-team/junit5/pull/5135,platform-tests/src/test/java/org/junit/platform/engine/support/hierarchical/WorkerThreadPoolHierarchicalTestExecutorServiceTests.java,,,,524,bug,high,"The assertion 'Stream.of(test1, test2, test3).extracting(TestTaskStub::executionThread).containsOnly(test3.executionThread)' only checks that all tests ran on the same thread as test3, but doesn't verify that tests were stolen from other threads.",unmatched,,,,unfounded,low,"The preceding assertion at line 519 that container1.executionThread is not equal to test3.executionThread, combined with the containsOnly checks, does verify the tests ran on a different thread, contradicting the claim that stealing is not verified."
qwen__qwen3-coder-30b-a3b-instruct__junit-team__junit5__5135__unmatched_model__24,runs/subset30/qwen3-coder-30b-a3b-instruct/,unmatched_model,junit-team/junit5,5135,https://github.com/junit-team/junit5/pull/5135,platform-tests/src/test/java/org/junit/platform/engine/support/hierarchical/WorkerThreadPoolHierarchicalTestExecutorServiceTests.java,,,,743,bug,high,"The assertion for thread equality between child2 and child1 has been changed to check that they are NOT equal, but the original test expected them to be equal. This change breaks the intended test behavior and could indicate a logical error in the test.",unmatched,,,,unfounded,high,"The removed code also asserted child1.executionThread isNotEqualTo child2.executionThread, so the original test did not expect them to be equal as the comment claims."
qwen__qwen3-coder-30b-a3b-instruct__junit-team__junit5__5135__unmatched_model__4,runs/subset30/qwen3-coder-30b-a3b-instruct/,unmatched_model,junit-team/junit5,5135,https://github.com/junit-team/junit5/pull/5135,junit-platform-engine/src/main/java/org/junit/platform/engine/support/hierarchical/WorkerThreadPoolHierarchicalTestExecutorService.java,,,,362,design,medium,The sorting of queue entries was changed from reverse order to normal order. This change in sorting behavior may affect the order in which tasks are executed and could impact test execution semantics.,unmatched,,,,unverifiable,low,"The old reverseOrder() sort was removed and a sort by CHILD_COMPARATOR added, but that comparator's ordering is not visible, so whether this is 'normal order' or changes execution semantics cannot be checked from the chunk."
qwen__qwen3-coder-30b-a3b-instruct__junit-team__junit5__5135__unmatched_model__5,runs/subset30/qwen3-coder-30b-a3b-instruct/,unmatched_model,junit-team/junit5,5135,https://github.com/junit-team/junit5/pull/5135,junit-platform-engine/src/main/java/org/junit/platform/engine/support/hierarchical/WorkerThreadPoolHierarchicalTestExecutorService.java,,,,564,bug,high,Sorting submitted children before stealing work may cause incorrect execution order and potential deadlocks. The original implementation used listIterator with reverse traversal which had different semantics than forward iteration after sorting.,unmatched,,,,unverifiable,low,"Traversal did change from a reverse listIterator to sorted forward iteration, but whether that causes incorrect ordering or deadlocks depends on CHILD_COMPARATOR and concurrency behavior not visible in the chunk."
qwen__qwen3-coder-30b-a3b-instruct__junit-team__junit5__5135__unmatched_model__8,runs/subset30/qwen3-coder-30b-a3b-instruct/,unmatched_model,junit-team/junit5,5135,https://github.com/junit-team/junit5/pull/5135,junit-platform-engine/src/main/java/org/junit/platform/engine/support/hierarchical/WorkerThreadPoolHierarchicalTestExecutorService.java,,,,677,bug,high,The IllegalStateException thrown when an entry cannot be added to the queue could cause test execution to fail unexpectedly. Consider a more graceful handling or logging approach.,unmatched,,,,founded,low,"The code visibly throws IllegalStateException when queue.add returns false, so the failure behavior the comment describes is present, though fail-fast may well be intentional."
qwen__qwen3-coder-30b-a3b-instruct__junit-team__junit5__5379__unmatched_model__103,runs/subset30/qwen3-coder-30b-a3b-instruct/,unmatched_model,junit-team/junit5,5379,https://github.com/junit-team/junit5/pull/5379,jupiter-tests/src/test/java/org/junit/jupiter/engine/extension/OrderedMethodTests.java,,,,16,style,low,Consider grouping imports from the same package together for better readability,unmatched,,,,unfounded,high,"The four added imports from org.junit.jupiter.api.Constants are already contiguous and sorted alongside the other org.junit.jupiter.api imports, so they are visibly grouped as suggested."
qwen__qwen3-coder-30b-a3b-instruct__junit-team__junit5__5379__unmatched_model__104,runs/subset30/qwen3-coder-30b-a3b-instruct/,unmatched_model,junit-team/junit5,5379,https://github.com/junit-team/junit5/pull/5379,jupiter-tests/src/test/java/org/junit/jupiter/engine/extension/OrderedMethodTests.java,,,,17,style,low,Consider grouping imports from the same package together for better readability,unmatched,,,,unfounded,high,"The four added imports from org.junit.jupiter.api.Constants are already contiguous and sorted alongside the other org.junit.jupiter.api imports, so they are visibly grouped as suggested."
qwen__qwen3-coder-30b-a3b-instruct__junit-team__junit5__5379__unmatched_model__105,runs/subset30/qwen3-coder-30b-a3b-instruct/,unmatched_model,junit-team/junit5,5379,https://github.com/junit-team/junit5/pull/5379,jupiter-tests/src/test/java/org/junit/jupiter/engine/extension/OrderedMethodTests.java,,,,18,style,low,Consider grouping imports from the same package together for better readability,unmatched,,,,unfounded,high,"The four added imports from org.junit.jupiter.api.Constants are already contiguous and sorted alongside the other org.junit.jupiter.api imports, so they are visibly grouped as suggested."
qwen__qwen3-coder-30b-a3b-instruct__junit-team__junit5__5379__unmatched_model__113,runs/subset30/qwen3-coder-30b-a3b-instruct/,unmatched_model,junit-team/junit5,5379,https://github.com/junit-team/junit5/pull/5379,jupiter-tests/src/test/java/org/junit/jupiter/engine/extension/TimeoutConfigurationTests.java,,,,33,style,low,Consider grouping related imports together for better readability,unmatched,,,,unfounded,low,"The new Constants imports (lines 22-32) and the Timeout imports (lines 33-34) are already contiguous and alphabetically ordered, so related imports are visibly grouped already."
qwen__qwen3-coder-30b-a3b-instruct__junit-team__junit5__5379__unmatched_model__115,runs/subset30/qwen3-coder-30b-a3b-instruct/,unmatched_model,junit-team/junit5,5379,https://github.com/junit-team/junit5/pull/5379,jupiter-tests/src/test/java/org/junit/jupiter/params/ParameterizedClassIntegrationTests.java,,,,66,style,low,"Consider whether Constants is actually needed in this test class, as it's a utility class for internal engine constants and may not be directly relevant to the test scenarios being validated.",unmatched,,,,unverifiable,low,"Whether the newly imported Constants class is needed depends on its usages in the rest of the test class, which the chunk does not show."
qwen__qwen3-coder-30b-a3b-instruct__junit-team__junit5__5379__unmatched_model__117,runs/subset30/qwen3-coder-30b-a3b-instruct/,unmatched_model,junit-team/junit5,5379,https://github.com/junit-team/junit5/pull/5379,platform-tests/src/test/java/org/junit/platform/engine/support/hierarchical/ForkJoinDeadLockTests.java,,,,34,bug,high,"The import of org.junit.jupiter.engine.Constants was removed, but it's not clear if this is intentional. If this class is still needed, the import should be restored or replaced with the correct import.",unmatched,,,,unfounded,high,"The chunk visibly adds 'import org.junit.jupiter.api.Constants;' at line 23, so the removed engine import was already replaced with a substitute, contradicting the comment's premise."
qwen__qwen3-coder-30b-a3b-instruct__junit-team__junit5__5379__unmatched_model__118,runs/subset30/qwen3-coder-30b-a3b-instruct/,unmatched_model,junit-team/junit5,5379,https://github.com/junit-team/junit5/pull/5379,platform-tests/src/test/java/org/junit/platform/engine/support/hierarchical/ForkJoinDeadLockTests.java,,,,67,design,high,Changed configuration parameter name from DEFAULT_PARALLEL_EXECUTION_MODE to DEFAULT_EXECUTION_MODE_PROPERTY_NAME. This could break existing configurations or tests that rely on the old parameter name.,unmatched,,,,unverifiable,low,"Only the referenced constant changed, and the string values of DEFAULT_PARALLEL_EXECUTION_MODE and DEFAULT_EXECUTION_MODE_PROPERTY_NAME are not visible, so whether the effective parameter name changed cannot be checked."
qwen__qwen3-coder-30b-a3b-instruct__junit-team__junit5__5379__unmatched_model__119,runs/subset30/qwen3-coder-30b-a3b-instruct/,unmatched_model,junit-team/junit5,5379,https://github.com/junit-team/junit5/pull/5379,platform-tests/src/test/java/org/junit/platform/engine/support/hierarchical/ParallelExecutionIntegrationTests.java,,,,17,style,low,"Consider grouping the static imports by category (e.g., JUnit constants, AssertJ, etc.) for better readability.",unmatched,,,,unfounded,low,"The static imports are alphabetically ordered so same-package imports, including the Constants block at lines 17-23 and the AssertJ import, are already contiguous, contradicting the premise that they are ungrouped."
qwen__qwen3-coder-30b-a3b-instruct__junit-team__junit5__5379__unmatched_model__121,runs/subset30/qwen3-coder-30b-a3b-instruct/,unmatched_model,junit-team/junit5,5379,https://github.com/junit-team/junit5/pull/5379,platform-tests/src/test/java/org/junit/platform/engine/support/hierarchical/ParallelExecutionIntegrationTests.java,,,,19,style,low,"Consider grouping the static imports by category (e.g., JUnit constants, AssertJ, etc.) for better readability.",unmatched,,,,unfounded,low,"The static imports are alphabetically ordered so same-package imports, including the Constants block at lines 17-23 and the AssertJ import, are already contiguous, contradicting the premise that they are ungrouped."
qwen__qwen3-coder-30b-a3b-instruct__junit-team__junit5__5379__unmatched_model__123,runs/subset30/qwen3-coder-30b-a3b-instruct/,unmatched_model,junit-team/junit5,5379,https://github.com/junit-team/junit5/pull/5379,platform-tests/src/test/java/org/junit/platform/engine/support/hierarchical/ParallelExecutionIntegrationTests.java,,,,21,style,low,"Consider grouping the static imports by category (e.g., JUnit constants, AssertJ, etc.) for better readability.",unmatched,,,,unfounded,low,"The static imports are alphabetically ordered so same-package imports, including the Constants block at lines 17-23 and the AssertJ import, are already contiguous, contradicting the premise that they are ungrouped."
qwen__qwen3-coder-30b-a3b-instruct__junit-team__junit5__5379__unmatched_model__129,runs/subset30/qwen3-coder-30b-a3b-instruct/,unmatched_model,junit-team/junit5,5379,https://github.com/junit-team/junit5/pull/5379,platform-tests/src/test/java/org/junit/platform/suite/engine/testsuites/ConfigurationSuite.java,,,,13,bug,high,Incorrect import: DEFAULT_TEST_INSTANCE_LIFECYCLE_PROPERTY_NAME was moved from org.junit.jupiter.engine.Constants to org.junit.jupiter.api.Constants. The old import path is no longer valid and will cause compilation failure.,unmatched,,,,unfounded,high,"Line 13 already imports the constant from org.junit.jupiter.api.Constants and the old engine import is removed, so the compilation failure the comment predicts is not present in the visible code."
qwen__qwen3-coder-30b-a3b-instruct__junit-team__junit5__5379__unmatched_model__16,runs/subset30/qwen3-coder-30b-a3b-instruct/,unmatched_model,junit-team/junit5,5379,https://github.com/junit-team/junit5/pull/5379,junit-jupiter-engine/src/main/java/org/junit/jupiter/engine/Constants.java,,,,290,design,high,The deprecated field now delegates to org.junit.jupiter.api.Constants instead of being a direct alias. This could break compatibility if the target constant has different behavior.,unmatched,,,,unverifiable,low,"The field was previously an alias to a JupiterConfiguration constant and now aliases org.junit.jupiter.api.Constants, but neither constant's value is visible, so a behavioral difference cannot be checked from the chunk."
qwen__qwen3-coder-30b-a3b-instruct__junit-team__junit5__5379__unmatched_model__17,runs/subset30/qwen3-coder-30b-a3b-instruct/,unmatched_model,junit-team/junit5,5379,https://github.com/junit-team/junit5/pull/5379,junit-jupiter-engine/src/main/java/org/junit/jupiter/engine/Constants.java,,,,306,design,high,The deprecated field now delegates to org.junit.jupiter.api.Constants instead of being a direct alias. This could break compatibility if the target constant has different behavior.,unmatched,,,,unverifiable,low,"The constant now references org.junit.jupiter.api.Constants.PARALLEL_CONFIG_STRATEGY_PROPERTY_NAME instead of a concatenated JupiterConfiguration value, but neither value is visible, so a compatibility break cannot be checked from the chunk."
qwen__qwen3-coder-30b-a3b-instruct__junit-team__junit5__5379__unmatched_model__19,runs/subset30/qwen3-coder-30b-a3b-instruct/,unmatched_model,junit-team/junit5,5379,https://github.com/junit-team/junit5/pull/5379,junit-jupiter-engine/src/main/java/org/junit/jupiter/engine/Constants.java,,,,338,design,high,The deprecated field now delegates to org.junit.jupiter.api.Constants instead of being a direct alias. This could break compatibility if the target constant has different behavior.,unmatched,,,,unverifiable,low,"The chunk shows the field's initializer now referencing org.junit.jupiter.api.Constants, but whether that target constant's value or behavior differs from the old JupiterConfiguration-derived value cannot be checked without seeing the target class."
qwen__qwen3-coder-30b-a3b-instruct__junit-team__junit5__5379__unmatched_model__24,runs/subset30/qwen3-coder-30b-a3b-instruct/,unmatched_model,junit-team/junit5,5379,https://github.com/junit-team/junit5/pull/5379,junit-jupiter-engine/src/main/java/org/junit/jupiter/engine/Constants.java,,,,412,design,high,The deprecated field now delegates to org.junit.jupiter.api.Constants instead of being a direct alias. This could break compatibility if the target constant has different behavior.,unmatched,,,,unverifiable,low,"The chunk shows the initializer now referencing org.junit.jupiter.api.Constants instead of Timeout, but whether the target constant has a different value or behavior cannot be determined without seeing that class."
qwen__qwen3-coder-30b-a3b-instruct__junit-team__junit5__5379__unmatched_model__28,runs/subset30/qwen3-coder-30b-a3b-instruct/,unmatched_model,junit-team/junit5,5379,https://github.com/junit-team/junit5/pull/5379,junit-jupiter-engine/src/main/java/org/junit/jupiter/engine/Constants.java,,,,463,design,high,The deprecated field now delegates to org.junit.jupiter.api.Constants instead of being a direct alias. This could break compatibility if the target constant has different behavior.,unmatched,,,,unverifiable,low,"The chunk shows the field now aliasing org.junit.jupiter.api.Constants instead of Timeout, but the claimed compatibility risk depends on the target constant's value, which is not visible in the chunk."
qwen__qwen3-coder-30b-a3b-instruct__junit-team__junit5__5379__unmatched_model__3,runs/subset30/qwen3-coder-30b-a3b-instruct/,unmatched_model,junit-team/junit5,5379,https://github.com/junit-team/junit5/pull/5379,junit-jupiter-engine/src/main/java/org/junit/jupiter/engine/Constants.java,,,,40,style,medium,The @Deprecated annotation uses forRemoval = true but doesn't specify a replacement version. It's better to be explicit about when the deprecation will be removed.,unmatched,,,,founded,low,"Nothing visible states when the deprecated class will be removed (since=""6.1"" marks the deprecation, not the removal), so the observation is accurate, though @Deprecated itself has no element for a removal version and the timing could only be documented in the Javadoc."
qwen__qwen3-coder-30b-a3b-instruct__junit-team__junit5__5379__unmatched_model__33,runs/subset30/qwen3-coder-30b-a3b-instruct/,unmatched_model,junit-team/junit5,5379,https://github.com/junit-team/junit5/pull/5379,junit-jupiter-engine/src/main/java/org/junit/jupiter/engine/Constants.java,,,,527,design,high,The deprecated field now delegates to org.junit.jupiter.api.Constants instead of being a direct alias. This could break compatibility if the target constant has different behavior.,unmatched,,,,unverifiable,low,"The chunk shows the initializer now referencing org.junit.jupiter.api.Constants instead of Timeout, but whether that target constant's value or behavior differs cannot be checked from the chunk alone."
qwen__qwen3-coder-30b-a3b-instruct__junit-team__junit5__5379__unmatched_model__35,runs/subset30/qwen3-coder-30b-a3b-instruct/,unmatched_model,junit-team/junit5,5379,https://github.com/junit-team/junit5/pull/5379,junit-jupiter-engine/src/main/java/org/junit/jupiter/engine/Constants.java,,,,551,design,high,The deprecated field now delegates to org.junit.jupiter.api.Constants instead of being a direct alias. This could break compatibility if the target constant has different behavior.,unmatched,,,,unverifiable,low,"The chunk shows the field now aliasing org.junit.jupiter.api.Constants instead of ClassOrderer, but the claimed compatibility risk hinges on the target constant's value, which the chunk does not show."
qwen__qwen3-coder-30b-a3b-instruct__junit-team__junit5__5379__unmatched_model__36,runs/subset30/qwen3-coder-30b-a3b-instruct/,unmatched_model,junit-team/junit5,5379,https://github.com/junit-team/junit5/pull/5379,junit-jupiter-engine/src/main/java/org/junit/jupiter/engine/Constants.java,,,,565,design,high,The deprecated field now delegates to org.junit.jupiter.api.Constants instead of being a direct alias. This could break compatibility if the target constant has different behavior.,unmatched,,,,unverifiable,low,"The chunk shows the initializer now referencing org.junit.jupiter.api.Constants instead of Timeout, but whether the target constant behaves differently cannot be determined without seeing that class."
qwen__qwen3-coder-30b-a3b-instruct__junit-team__junit5__5379__unmatched_model__39,runs/subset30/qwen3-coder-30b-a3b-instruct/,unmatched_model,junit-team/junit5,5379,https://github.com/junit-team/junit5/pull/5379,junit-jupiter-engine/src/main/java/org/junit/jupiter/engine/JupiterTestEngine.java,,,,18,style,low,Consider grouping imports from the same package together for better readability,unmatched,,,,unfounded,high,"The visible import block is already alphabetically sorted with imports from the same package adjacent (e.g. the org.junit.jupiter.engine.* and org.junit.platform.engine.* groups), so the suggested regrouping addresses a problem the code does not exhibit."
qwen__qwen3-coder-30b-a3b-instruct__junit-team__junit5__5379__unmatched_model__42,runs/subset30/qwen3-coder-30b-a3b-instruct/,unmatched_model,junit-team/junit5,5379,https://github.com/junit-team/junit5/pull/5379,junit-jupiter-engine/src/main/java/org/junit/jupiter/engine/config/CachingJupiterConfiguration.java,,,,15,style,low,Consider grouping related imports together for better readability,unmatched,,,,unfounded,high,"Related imports are already grouped: the Constants static imports sit consecutively at lines 14-24, followed by the TempDir pair, the java.util block, and alphabetized regular imports, so the code does not exhibit the ungrouped-imports problem."
qwen__qwen3-coder-30b-a3b-instruct__junit-team__junit5__5379__unmatched_model__44,runs/subset30/qwen3-coder-30b-a3b-instruct/,unmatched_model,junit-team/junit5,5379,https://github.com/junit-team/junit5/pull/5379,junit-jupiter-engine/src/main/java/org/junit/jupiter/engine/config/CachingJupiterConfiguration.java,,,,17,style,low,Consider grouping related imports together for better readability,unmatched,,,,unfounded,high,"The visible imports are already grouped by origin and sorted (Constants static imports consecutive at lines 14-24, TempDir pair, java.util block, alphabetized regular imports), so the comment flags a problem the code does not exhibit."
qwen__qwen3-coder-30b-a3b-instruct__junit-team__junit5__5379__unmatched_model__46,runs/subset30/qwen3-coder-30b-a3b-instruct/,unmatched_model,junit-team/junit5,5379,https://github.com/junit-team/junit5/pull/5379,junit-jupiter-engine/src/main/java/org/junit/jupiter/engine/config/CachingJupiterConfiguration.java,,,,19,style,low,Consider grouping related imports together for better readability,unmatched,,,,unfounded,high,"Related imports are already grouped and sorted in the chunk (all Constants static imports consecutive, TempDir pair together, java.util block, alphabetized regular imports), so the proposed regrouping addresses no visible problem."
qwen__qwen3-coder-30b-a3b-instruct__junit-team__junit5__5379__unmatched_model__49,runs/subset30/qwen3-coder-30b-a3b-instruct/,unmatched_model,junit-team/junit5,5379,https://github.com/junit-team/junit5/pull/5379,junit-jupiter-engine/src/main/java/org/junit/jupiter/engine/config/CachingJupiterConfiguration.java,,,,22,style,low,Consider grouping related imports together for better readability,unmatched,,,,unfounded,high,"The visible imports are already grouped by package and alphabetized with blank-line separation, so the proposed grouping improvement does not apply."
qwen__qwen3-coder-30b-a3b-instruct__junit-team__junit5__5379__unmatched_model__63,runs/subset30/qwen3-coder-30b-a3b-instruct/,unmatched_model,junit-team/junit5,5379,https://github.com/junit-team/junit5/pull/5379,junit-jupiter-engine/src/main/java/org/junit/jupiter/engine/config/DefaultJupiterConfiguration.java,,,,22,style,low,Consider grouping imports by package for better readability,unmatched,,,,unfounded,high,"The visible import block is already grouped by package and strictly alphabetized, so the suggested grouping does not apply."
qwen__qwen3-coder-30b-a3b-instruct__junit-team__junit5__5379__unmatched_model__65,runs/subset30/qwen3-coder-30b-a3b-instruct/,unmatched_model,junit-team/junit5,5379,https://github.com/junit-team/junit5/pull/5379,junit-jupiter-engine/src/main/java/org/junit/jupiter/engine/config/DefaultJupiterConfiguration.java,,,,24,style,low,Consider grouping imports by package for better readability,unmatched,,,,unfounded,high,"The visible import block is already grouped by package and strictly alphabetized, so the suggested grouping does not apply."
qwen__qwen3-coder-30b-a3b-instruct__junit-team__junit5__5379__unmatched_model__72,runs/subset30/qwen3-coder-30b-a3b-instruct/,unmatched_model,junit-team/junit5,5379,https://github.com/junit-team/junit5/pull/5379,junit-jupiter-engine/src/main/java/org/junit/jupiter/engine/config/JupiterConfiguration.java,,,,26,design,medium,"Removed PreInterruptCallback import. Verify that this doesn't break any functionality that relied on it, as it was previously used for timeout thread dumps.",unmatched,,,,founded,low,"The import removal and its prior use for the timeout thread-dump property are both visible in the removed lines, though the possible external breakage lies outside the chunk."
qwen__qwen3-coder-30b-a3b-instruct__junit-team__junit5__5379__unmatched_model__75,runs/subset30/qwen3-coder-30b-a3b-instruct/,unmatched_model,junit-team/junit5,5379,https://github.com/junit-team/junit5/pull/5379,junit-jupiter-engine/src/main/java/org/junit/jupiter/engine/extension/MutableExtensionRegistry.java,,,,34,style,low,Consider grouping imports from the same package together for better readability,unmatched,,,,unfounded,high,"The visible imports are already grouped by package alphabetically, including the newly added Constants import in its correct position."
qwen__qwen3-coder-30b-a3b-instruct__junit-team__junit5__5379__unmatched_model__78,runs/subset30/qwen3-coder-30b-a3b-instruct/,unmatched_model,junit-team/junit5,5379,https://github.com/junit-team/junit5/pull/5379,junit-jupiter-engine/src/main/java/org/junit/jupiter/engine/extension/PreInterruptThreadDumpPrinter.java,,,,15,style,low,Consider using a static import for Constants.EXTENSIONS_TIMEOUT_THREAD_DUMP_ENABLED_PROPERTY_NAME to improve readability.,unmatched,,,,unverifiable,low,"The only visible use of Constants is a Javadoc link where a static import would not help, and any code usage beyond line 31 is not shown."
qwen__qwen3-coder-30b-a3b-instruct__junit-team__junit5__5379__unmatched_model__89,runs/subset30/qwen3-coder-30b-a3b-instruct/,unmatched_model,junit-team/junit5,5379,https://github.com/junit-team/junit5/pull/5379,jupiter-tests/src/test/java/org/junit/jupiter/engine/ReportingTests.java,,,,13,style,medium,Changed import from Constants.DEFAULT_TEST_INSTANCE_LIFECYCLE_PROPERTY_NAME to Constants.DEFAULT_TEST_INSTANCE_LIFECYCLE_PROPERTY_NAME. Verify this change is intentional and doesn't affect functionality.,unmatched,,,,founded,low,"An import change is really present on line 13 (engine.Constants to api.Constants), though the comment's description repeats the same name and omits the actual package difference."
qwen__qwen3-coder-30b-a3b-instruct__junit-team__junit5__5379__unmatched_model__91,runs/subset30/qwen3-coder-30b-a3b-instruct/,unmatched_model,junit-team/junit5,5379,https://github.com/junit-team/junit5/pull/5379,jupiter-tests/src/test/java/org/junit/jupiter/engine/TestInstanceLifecycleTests.java,,,,43,style,low,Import of Constants class appears unused in this file. Consider removing if not needed.,unmatched,,,,unverifiable,high,"The chunk shows only the import section, so whether Constants is used elsewhere in the file cannot be determined."
qwen__qwen3-coder-30b-a3b-instruct__junit-team__junit5__5379__unmatched_model__93,runs/subset30/qwen3-coder-30b-a3b-instruct/,unmatched_model,junit-team/junit5,5379,https://github.com/junit-team/junit5/pull/5379,jupiter-tests/src/test/java/org/junit/jupiter/engine/config/DefaultJupiterConfigurationTests.java,,,,34,style,low,Redundant import of org.junit.jupiter.api.Constants since the static members are already imported directly on lines 16-18,unmatched,,,,unverifiable,low,"Whether the plain Constants import is redundant depends on usages elsewhere in the file not shown, and only line 16 (not 16-18) imports a Constants member."
qwen__qwen3-coder-30b-a3b-instruct__junit-team__junit5__5424__unmatched_model__10,runs/subset30/qwen3-coder-30b-a3b-instruct/,unmatched_model,junit-team/junit5,5424,https://github.com/junit-team/junit5/pull/5424,junit-jupiter-engine/src/main/java/org/junit/jupiter/engine/config/CachingJupiterConfiguration.java,,,,45,style,low,The import order could be made consistent with the existing pattern for better maintainability.,unmatched,,,,unfounded,high,"The new imports on lines 26 and 45 are inserted in correct alphabetical positions matching the file's existing pattern, so no inconsistency exists."
qwen__qwen3-coder-30b-a3b-instruct__junit-team__junit5__5424__unmatched_model__11,runs/subset30/qwen3-coder-30b-a3b-instruct/,unmatched_model,junit-team/junit5,5424,https://github.com/junit-team/junit5/pull/5424,junit-jupiter-engine/src/main/java/org/junit/jupiter/engine/config/CachingJupiterConfiguration.java,,,,165,design,high,Missing cache for getDefaultTempDirDeletionStrategySupplier() which may lead to repeated expensive operations,unmatched,,,,unfounded,high,"The method visibly wraps the delegate call in cache.computeIfAbsent, so the claimed missing cache is contradicted by the chunk."
qwen__qwen3-coder-30b-a3b-instruct__junit-team__junit5__5424__unmatched_model__23,runs/subset30/qwen3-coder-30b-a3b-instruct/,unmatched_model,junit-team/junit5,5424,https://github.com/junit-team/junit5/pull/5424,junit-jupiter-engine/src/main/java/org/junit/jupiter/engine/extension/TempDirectory.java,,,,217,design,medium,"The new getPathOrFile method consolidates the logic for determining cleanup and factory, making the code more modular and easier to test.",unmatched,,,,founded,high,"The new private getPathOrFile overload visibly consolidates the factory, cleanup-mode, and deletion-strategy determination as described."
qwen__qwen3-coder-30b-a3b-instruct__junit-team__junit5__5424__unmatched_model__25,runs/subset30/qwen3-coder-30b-a3b-instruct/,unmatched_model,junit-team/junit5,5424,https://github.com/junit-team/junit5/pull/5424,junit-jupiter-engine/src/main/java/org/junit/jupiter/engine/extension/TempDirectory.java,,,,236,bug,high,"The method signature change from (TempDirFactory factory, CleanupMode cleanupMode, ...) to (TempDirFactory factory, Cleanup cleanup, ...) requires careful verification that all callers are updated to pass a Cleanup object instead of separate parameters.",unmatched,,,,founded,low,"The signature change from CleanupMode to Cleanup is real and the visible caller is updated, but the caution about other callers concerns code outside the chunk and would be compiler-enforced anyway."
qwen__qwen3-coder-30b-a3b-instruct__junit-team__junit5__5424__unmatched_model__3,runs/subset30/qwen3-coder-30b-a3b-instruct/,unmatched_model,junit-team/junit5,5424,https://github.com/junit-team/junit5/pull/5424,junit-jupiter-api/src/main/java/org/junit/jupiter/api/io/TempDir.java,,,,146,style,low,The javadoc for cleanup() has been updated to say 'In which cases' instead of 'How'. This is a minor wording change that might affect clarity for users expecting the previous phrasing.,unmatched,,,,founded,high,The diff shows exactly the wording change from 'How' to 'In which cases' in the cleanup() Javadoc.
qwen__qwen3-coder-30b-a3b-instruct__junit-team__junit5__5424__unmatched_model__33,runs/subset30/qwen3-coder-30b-a3b-instruct/,unmatched_model,junit-team/junit5,5424,https://github.com/junit-team/junit5/pull/5424,jupiter-tests/src/test/java/org/junit/jupiter/api/io/TempDirDeletionStrategyTests.java,,,,51,style,medium,The log message format uses <root> which might be confusing. Consider using a more descriptive placeholder like 'root directory' or 'temporary directory root' for better clarity.,unmatched,,,,founded,low,"The asserted log message visibly uses the '<root>' placeholder, though the clarity suggestion targets a message format defined in production code."
qwen__qwen3-coder-30b-a3b-instruct__junit-team__junit5__5424__unmatched_model__39,runs/subset30/qwen3-coder-30b-a3b-instruct/,unmatched_model,junit-team/junit5,5424,https://github.com/junit-team/junit5/pull/5424,jupiter-tests/src/test/java/org/junit/jupiter/engine/extension/CloseablePathTests.java,,,,178,style,low,Adding cleanup(ALWAYS) parameter improves test reliability by ensuring cleanup happens regardless of test outcome.,unmatched,,,,unverifiable,low,Whether cleanup(ALWAYS) changes or ensures cleanup behavior versus the previous DEFAULT depends on the cleanup() helper and default-mode semantics not visible in the chunk.
qwen__qwen3-coder-30b-a3b-instruct__junit-team__junit5__5424__unmatched_model__42,runs/subset30/qwen3-coder-30b-a3b-instruct/,unmatched_model,junit-team/junit5,5424,https://github.com/junit-team/junit5/pull/5424,jupiter-tests/src/test/java/org/junit/jupiter/engine/extension/CloseablePathTests.java,,,,222,style,low,Adding cleanup(ALWAYS) parameter improves test reliability by ensuring cleanup happens regardless of test outcome.,unmatched,,,,unverifiable,low,Whether cleanup(ALWAYS) changes or ensures cleanup behavior versus the previous DEFAULT depends on the cleanup() helper and default-mode semantics not visible in the chunk.
qwen__qwen3-coder-30b-a3b-instruct__junit-team__junit5__5424__unmatched_model__5,runs/subset30/qwen3-coder-30b-a3b-instruct/,unmatched_model,junit-team/junit5,5424,https://github.com/junit-team/junit5/pull/5424,junit-jupiter-api/src/main/java/org/junit/jupiter/api/io/TempDirDeletionStrategy.java,,,,118,bug,high,"The method signature for delete(Path, FileOperations, BiConsumer) is inconsistent with the calling site. The BiConsumer expects (Path, Exception) but the call site passes (path, cause) which is already an Exception, not a Path and Exception pair.",unmatched,,,,unfounded,high,"The call site on line 111 passes a two-parameter lambda (path, cause) that matches BiConsumer<Path, Exception>, so no signature inconsistency exists."
qwen__qwen3-coder-30b-a3b-instruct__junit-team__junit5__5424__unmatched_model__54,runs/subset30/qwen3-coder-30b-a3b-instruct/,unmatched_model,junit-team/junit5,5424,https://github.com/junit-team/junit5/pull/5424,jupiter-tests/src/test/java/org/junit/jupiter/engine/extension/TempDirectoryTests.java,,,,285,design,medium,"The new helper method 'determineTempDirFromReportEntries' duplicates logic that was previously inlined. While this improves readability, consider if the previous inline approach was acceptable or if this extraction is necessary for test maintainability.",unmatched,,,,founded,low,"The helper does contain the logic previously inlined and that extraction is visible, though 'duplicates' is inapt since the inline version was removed and the helper is reused at two visible call sites."
qwen__qwen3-coder-30b-a3b-instruct__junit-team__junit5__5424__unmatched_model__56,runs/subset30/qwen3-coder-30b-a3b-instruct/,unmatched_model,junit-team/junit5,5424,https://github.com/junit-team/junit5/pull/5424,jupiter-tests/src/test/java/org/junit/jupiter/engine/extension/TempDirectoryTests.java,,,,1260,style,low,Using underscore prefix for lambda parameter `_` is unconventional; consider using a more descriptive name or removing the prefix.,unmatched,,,,unfounded,low,"`_` is Java's standard unnamed lambda parameter (replacing the `__` workaround being removed here), so it is neither an unconventional prefix nor something that can be given a descriptive name meaningfully."
qwen__qwen3-coder-30b-a3b-instruct__junit-team__junit5__5424__unmatched_model__58,runs/subset30/qwen3-coder-30b-a3b-instruct/,unmatched_model,junit-team/junit5,5424,https://github.com/junit-team/junit5/pull/5424,jupiter-tests/src/test/java/org/junit/jupiter/engine/extension/TempDirectoryTests.java,,,,1295,design,medium,Adding a new test case with default deletion strategy might conflict with existing behavior. Verify that this doesn't introduce unexpected side effects.,unmatched,,,,unverifiable,low,"The comment names no concrete conflicting behavior, and nothing in the chunk can confirm or refute an unspecified side effect."
qwen__qwen3-coder-30b-a3b-instruct__junit-team__junit5__5424__unmatched_model__8,runs/subset30/qwen3-coder-30b-a3b-instruct/,unmatched_model,junit-team/junit5,5424,https://github.com/junit-team/junit5/pull/5424,junit-jupiter-api/src/testFixtures/java/org/junit/jupiter/api/io/FailingTempDirDeletionStrategy.java,,,,30,bug,high,"The lambda in the delete method may not properly handle all paths, as it only checks if the path ends with UNDELETABLE_PATH. This could lead to incorrect behavior if the path contains this string in a different context.",unmatched,,,,unfounded,low,"Path.endsWith matches whole trailing path elements rather than substrings, so a path merely containing the string in another context would not match, contradicting the claimed defect in this test fixture."
qwen__qwen3-coder-30b-a3b-instruct__junit-team__junit5__5708__unmatched_model__1,runs/subset30/qwen3-coder-30b-a3b-instruct/,unmatched_model,junit-team/junit5,5708,https://github.com/junit-team/junit5/pull/5708,junit-jupiter-params/src/main/java/org/junit/jupiter/params/aggregator/ArgumentAccessException.java,,,,25,style,low,"The 'not intended to be extended' note is good documentation, but consider adding a private constructor to reinforce this intent.",unmatched,,,,unfounded,low,"With a public constructor visibly present and required, adding a private constructor would not prevent client subclassing, so the proposed fix would not achieve the stated intent."
qwen__qwen3-coder-30b-a3b-instruct__mockito__mockito__2650__unmatched_model__12,runs/subset30/qwen3-coder-30b-a3b-instruct/,unmatched_model,mockito/mockito,2650,https://github.com/mockito/mockito/pull/2650,src/main/java/org/mockito/internal/creation/settings/CreationSettings.java,,,,69,design,high,The copy constructor now assigns the strictness field directly. Verify that this doesn't introduce any unintended side effects or inconsistencies in the copied object's behavior.,unmatched,,,,founded,low,"The copy constructor visibly assigns strictness directly (mirroring the removed lenient copy), while the side-effect concern is generic and not checkable here."
qwen__qwen3-coder-30b-a3b-instruct__mockito__mockito__2650__unmatched_model__18,runs/subset30/qwen3-coder-30b-a3b-instruct/,unmatched_model,mockito/mockito,2650,https://github.com/mockito/mockito/pull/2650,src/test/java/org/mockitousage/strictness/StrictnessMockAnnotationTest.java,,,,31,bug,high,"The test calls ProductionCode.simpleMethod(lenientMock, ""3"") but does not verify that the method was actually called or that the stubbing worked as expected. This could lead to false positives in the test.",unmatched,,,,founded,low,"The lenient-mock call visibly has no explicit verification or return-value assertion (its only check is the absence of an exception), though whether that permits false positives depends on ProductionCode, which is not shown."
qwen__qwen3-coder-30b-a3b-instruct__mockito__mockito__2659__unmatched_model__10,runs/subset30/qwen3-coder-30b-a3b-instruct/,unmatched_model,mockito/mockito,2659,https://github.com/mockito/mockito/pull/2659,src/test/java/org/mockitousage/strictness/StrictnessMockAnnotationTest.java,,,,27,style,medium,Consider using fully qualified name 'org.mockito.Mock.Strictness' instead of 'Mock.Strictness' for better clarity and consistency with import statements.,unmatched,,,,unfounded,low,"Mock is already imported on line 12, so Mock.Strictness is the idiomatic reference and a fully qualified name would be less, not more, consistent with the visible imports."
qwen__qwen3-coder-30b-a3b-instruct__mockito__mockito__2659__unmatched_model__12,runs/subset30/qwen3-coder-30b-a3b-instruct/,unmatched_model,mockito/mockito,2659,https://github.com/mockito/mockito/pull/2659,subprojects/junit-jupiter/src/test/java/org/mockitousage/StrictnessTest.java,,,,24,style,low,"Consider whether Optional is actually used in this test class, as its import appears unused based on the provided lines.",unmatched,,,,unverifiable,high,"The chunk shows only part of the file, so whether Optional is used elsewhere in the class cannot be determined."
qwen__qwen3-coder-30b-a3b-instruct__mockito__mockito__2659__unmatched_model__7,runs/subset30/qwen3-coder-30b-a3b-instruct/,unmatched_model,mockito/mockito,2659,https://github.com/mockito/mockito/pull/2659,src/main/java/org/mockito/internal/creation/MockSettingsImpl.java,,,,253,bug,high,"Duplicate assignment of 'this.strictness' on line 253. The variable is already assigned on line 249, making the second assignment redundant and potentially misleading.",unmatched,,,,unfounded,high,"The diff removes the old assignment before the null check and leaves exactly one assignment on line 253; line 249 is the method signature, so no duplicate assignment exists."
qwen__qwen3-coder-30b-a3b-instruct__mockito__mockito__2659__unmatched_model__8,runs/subset30/qwen3-coder-30b-a3b-instruct/,unmatched_model,mockito/mockito,2659,https://github.com/mockito/mockito/pull/2659,src/main/java/org/mockito/internal/creation/settings/CreationSettings.java,,,,48,bug,high,"Changed default strictness from Strictness.STRICT_STUBS to null, which could break existing behavior expecting a default strictness level",unmatched,,,,founded,high,"The diff visibly changes the default strictness from Strictness.STRICT_STUBS to null, which is exactly the behavioral change the comment describes."
qwen__qwen3-coder-30b-a3b-instruct__mockito__mockito__2807__unmatched_model__1,runs/subset30/qwen3-coder-30b-a3b-instruct/,unmatched_model,mockito/mockito,2807,https://github.com/mockito/mockito/pull/2807,src/main/java/org/mockito/ArgumentMatcher.java,,,,132,style,medium,Typo in 'compatability' - should be 'compatibility',unmatched,,,,founded,high,Line 132 does contain the misspelling 'compatability'.
qwen__qwen3-coder-30b-a3b-instruct__mockito__mockito__2807__unmatched_model__11,runs/subset30/qwen3-coder-30b-a3b-instruct/,unmatched_model,mockito/mockito,2807,https://github.com/mockito/mockito/pull/2807,src/main/java/org/mockito/internal/matchers/CapturingMatcher.java,,,,43,bug,high,"getLastValue() method has a missing try/finally block to ensure readLock is released, which could lead to deadlocks.",unmatched,,,,unverifiable,low,"The chunk shows readLock.lock() followed by an opening try block but ends before showing whether a finally releases the lock, so the claim cannot be checked from the visible code."
qwen__qwen3-coder-30b-a3b-instruct__mockito__mockito__2807__unmatched_model__14,runs/subset30/qwen3-coder-30b-a3b-instruct/,unmatched_model,mockito/mockito,2807,https://github.com/mockito/mockito/pull/2807,src/main/java/org/mockito/internal/matchers/InstanceOf.java,,,,34,style,low,Missing javadoc for the new type() method. Consider adding documentation explaining its purpose and usage.,unmatched,,,,founded,high,"The newly added type() methods visibly have no javadoc, so the proposed improvement applies."
qwen__qwen3-coder-30b-a3b-instruct__mockito__mockito__2807__unmatched_model__16,runs/subset30/qwen3-coder-30b-a3b-instruct/,unmatched_model,mockito/mockito,2807,https://github.com/mockito/mockito/pull/2807,src/main/java/org/mockito/internal/matchers/NotNull.java,,,,13,design,high,"The static field NOT_NULL is now typed as NotNull<Object> instead of NotNull. This change may break existing code that relies on the previous generic type, especially if type inference is used.",unmatched,,,,founded,low,"The field's type visibly changed from raw NotNull to NotNull<Object>, a change that can alter generic type inference for existing callers, though actual breakage depends on usages outside the chunk."
qwen__qwen3-coder-30b-a3b-instruct__mockito__mockito__2807__unmatched_model__21,runs/subset30/qwen3-coder-30b-a3b-instruct/,unmatched_model,mockito/mockito,2807,https://github.com/mockito/mockito/pull/2807,src/main/java/org/mockito/internal/matchers/Null.java,,,,26,design,medium,Adding a new 'type()' method to the ArgumentMatcher interface may require updates to other implementations or usage patterns.,unmatched,,,,unverifiable,low,"Whether other ArgumentMatcher implementations or usage patterns need updating depends on code outside this chunk, which only shows Null itself overriding type()."
qwen__qwen3-coder-30b-a3b-instruct__mockito__mockito__2807__unmatched_model__23,runs/subset30/qwen3-coder-30b-a3b-instruct/,unmatched_model,mockito/mockito,2807,https://github.com/mockito/mockito/pull/2807,src/test/java/org/mockito/internal/invocation/InvocationMatcherTest.java,,,,139,bug,high,"The CapturingMatcher constructor now requires a Class parameter, but the test doesn't verify that the captured values are actually of the expected type. This could lead to runtime errors if the matcher is used incorrectly.",unmatched,,,,founded,low,"The visible call now passes List.class and the test's assertions check only count and value, not type conformance, though the claimed runtime-error consequence is speculative."
qwen__qwen3-coder-30b-a3b-instruct__mockito__mockito__2807__unmatched_model__25,runs/subset30/qwen3-coder-30b-a3b-instruct/,unmatched_model,mockito/mockito,2807,https://github.com/mockito/mockito/pull/2807,src/test/java/org/mockito/internal/invocation/MatcherApplicationStrategyTest.java,,,,12,style,low,Consider using a wildcard import for better readability: import static org.mockito.ArgumentMatchers.*;,unmatched,,,,unverifiable,low,Whether a wildcard static import is preferable depends on project import conventions not visible in the chunk.
qwen__qwen3-coder-30b-a3b-instruct__mockito__mockito__2807__unmatched_model__27,runs/subset30/qwen3-coder-30b-a3b-instruct/,unmatched_model,mockito/mockito,2807,https://github.com/mockito/mockito/pull/2807,src/test/java/org/mockito/internal/matchers/CapturingMatcherTest.java,,,,22,design,high,Constructor now requires type parameter which wasn't previously needed. This breaks backward compatibility and may affect existing usages.,unmatched,,,,founded,low,"The diff visibly shows call sites that previously used a no-arg constructor now passing a Class argument, though whether the old constructor was removed entirely lies outside the chunk."
qwen__qwen3-coder-30b-a3b-instruct__mockito__mockito__2807__unmatched_model__31,runs/subset30/qwen3-coder-30b-a3b-instruct/,unmatched_model,mockito/mockito,2807,https://github.com/mockito/mockito/pull/2807,src/test/java/org/mockitousage/IMethods.java,,,,202,design,high,Adding overloaded methods with varargs and non-varargs signatures can lead to ambiguous method calls and unexpected behavior. Consider if this is intentional and whether it might cause confusion for users of this interface.,unmatched,,,,founded,low,"The chunk visibly adds vararg and non-vararg overloads of the same method name, a pattern that genuinely can confuse call resolution, though it appears to be a deliberate test fixture."
qwen__qwen3-coder-30b-a3b-instruct__mockito__mockito__2807__unmatched_model__36,runs/subset30/qwen3-coder-30b-a3b-instruct/,unmatched_model,mockito/mockito,2807,https://github.com/mockito/mockito/pull/2807,src/test/java/org/mockitousage/matchers/VarargsTest.java,,,,62,design,medium,Changed from isNotNull() to isNotNull(String[].class) - this change may affect test coverage and should be verified to ensure the correct matcher behavior is being tested.,unmatched,,,,founded,low,"The change from isNotNull() to isNotNull(String[].class) is visibly present as described, though the comment's coverage concern is largely a restatement of the diff."
qwen__qwen3-coder-30b-a3b-instruct__mockito__mockito__2842__unmatched_model__0,runs/subset30/qwen3-coder-30b-a3b-instruct/,unmatched_model,mockito/mockito,2842,https://github.com/mockito/mockito/pull/2842,src/main/java/org/mockito/internal/matchers/CapturingMatcher.java,,,,44,bug,high,"Potential ClassCastException in matches() method when clazz is a primitive wrapper and argument is a different wrapper type (e.g., Integer vs Long). The isAssignableFromWrapper check should be sufficient, but the logic needs careful review.",unmatched,,,,unfounded,high,"The visible matches() method performs no cast and only returns boolean assignability checks, so no ClassCastException can arise there."
qwen__qwen3-coder-30b-a3b-instruct__mockito__mockito__2842__unmatched_model__12,runs/subset30/qwen3-coder-30b-a3b-instruct/,unmatched_model,mockito/mockito,2842,https://github.com/mockito/mockito/pull/2842,src/test/java/org/mockitousage/matchers/CapturingArgumentsTest.java,,,,374,design,medium,"Similar to previous comment, using 'ArrayList.class' while capturing null values of type 'Set<?>'. This could lead to confusion or runtime errors if the actual captured type differs from expected.",unmatched,,,,founded,low,"The test visibly creates a captor from ArrayList.class while the calls pass Set and List nulls, which is the mismatch the comment describes, though the claimed runtime-error risk is speculative."
qwen__qwen3-coder-30b-a3b-instruct__mockito__mockito__2842__unmatched_model__5,runs/subset30/qwen3-coder-30b-a3b-instruct/,unmatched_model,mockito/mockito,2842,https://github.com/mockito/mockito/pull/2842,src/test/java/org/mockitousage/matchers/CapturingArgumentsTest.java,,,,63,style,medium,Consider using more specific types than raw List<?> for the ArgumentCaptor to improve type safety and readability.,unmatched,,,,unverifiable,low,"listCaptor is only declared in this chunk, so whether a more specific type parameter would fit its actual usage cannot be determined from the visible code."
qwen__qwen3-coder-30b-a3b-instruct__mockito__mockito__2883__unmatched_model__0,runs/subset30/qwen3-coder-30b-a3b-instruct/,unmatched_model,mockito/mockito,2883,https://github.com/mockito/mockito/pull/2883,src/main/java/org/mockito/internal/debugging/LocationFactory.java,,,,27,bug,high,"The new implementation always uses LocationImpl regardless of Java version, which may cause compatibility issues with older Java versions that don't support StackWalker",unmatched,,,,founded,low,"The diff visibly removes the Java-version check and always uses LocationImpl, though whether that actually breaks older JVMs depends on LocationImpl's unseen implementation."
qwen__qwen3-coder-30b-a3b-instruct__mockito__mockito__3129__unmatched_model__2,runs/subset30/qwen3-coder-30b-a3b-instruct/,unmatched_model,mockito/mockito,3129,https://github.com/mockito/mockito/pull/3129,src/main/java/org/mockito/internal/util/MockUtil.java,,,,39,design,high,Method changed from private to public without clear justification. This could expose internal implementation details and break encapsulation.,unmatched,,,,founded,low,"The method visibly changed from private to public with no justification shown in the chunk, though whether the wider visibility is warranted depends on unseen callers."
qwen__qwen3-coder-30b-a3b-instruct__mockito__mockito__3129__unmatched_model__6,runs/subset30/qwen3-coder-30b-a3b-instruct/,unmatched_model,mockito/mockito,3129,https://github.com/mockito/mockito/pull/3129,src/test/java/org/mockito/internal/configuration/plugins/DefaultMockitoPluginsTest.java,,,,15,style,low,InlineByteBuddyMockMaker is imported but not used in this test class,unmatched,,,,unverifiable,high,"The chunk ends at line 27, so whether InlineByteBuddyMockMaker is used in the rest of the test class cannot be checked."
qwen__qwen3-coder-30b-a3b-instruct__mockito__mockito__3551__unmatched_model__0,runs/subset30/qwen3-coder-30b-a3b-instruct/,unmatched_model,mockito/mockito,3551,https://github.com/mockito/mockito/pull/3551,mockito-core/src/main/java/org/mockito/Mockito.java,,,,247,style,low,The new documentation section about dynamic attach could benefit from more specific examples or links to official JDK documentation for better clarity.,unmatched,,,,founded,low,"The added section visibly contains no links or concrete examples, so the suggested improvement would apply, though its benefit is a matter of judgment."
